date,feature_index,band_unnamed
2019-08-28T00:00:00.000Z,18,0.4361299787651344
2019-08-28T00:00:00.000Z,20,0.44280469862742106
2019-09-02T00:00:00.000Z,18,0.4446522807576628
2019-09-02T00:00:00.000Z,20,0.4330605541180977
2019-09-07T00:00:00.000Z,20,0.018526791173969
2019-09-12T00:00:00.000Z,18,0.17663020890167028
2019-09-07T00:00:00.000Z,15,0.025353491201935897
2019-09-12T00:00:00.000Z,15,0.43072200505977704
2019-09-07T00:00:00.000Z,18,0.008660155868419768
2019-09-12T00:00:00.000Z,20,0.4023700814780883
2019-09-02T00:00:00.000Z,17,0.46771463477020325
2019-09-04T00:00:00.000Z,20,0.6552264389962716
2019-08-28T00:00:00.000Z,17,0.305857346869855
2019-08-30T00:00:00.000Z,20,0.6539674336507038
2019-09-04T00:00:00.000Z,17,0.7773499594470715
2019-08-30T00:00:00.000Z,17,0.8031659465273998
2019-08-23T00:00:00.000Z,18,0.45759766599916446
2019-08-23T00:00:00.000Z,15,0.6436226732145877
2019-08-25T00:00:00.000Z,17,0.6297248800222652
2019-08-23T00:00:00.000Z,20,0.6409144041148525
2019-08-23T00:00:00.000Z,17,0.6369708903766819
2019-08-25T00:00:00.000Z,20,0.5823581021059354
2019-08-25T00:00:00.000Z,7,0.5572444913223288
2019-08-23T00:00:00.000Z,6,0.5527678852695437
2019-08-25T00:00:00.000Z,15,0.5594036408584114
2019-08-23T00:00:00.000Z,7,0.6240980433789497
2019-08-25T00:00:00.000Z,6,0.5058088919240961
2019-08-30T00:00:00.000Z,6,0.524394276346987
2019-09-02T00:00:00.000Z,7,0.2761914930692645
2019-09-04T00:00:00.000Z,6,0.5171576251046871
2019-08-28T00:00:00.000Z,8,0.5890307454193073
2019-08-28T00:00:00.000Z,7,0.4698235724440093
2019-08-28T00:00:00.000Z,6,0.3631704735409589
2019-08-30T00:00:00.000Z,7,0.597231770946532
2019-09-04T00:00:00.000Z,7,0.595242342605837
2019-09-02T00:00:00.000Z,6,0.18644039885362407
2019-09-02T00:00:00.000Z,8,0.3159695136937371
2019-08-30T00:00:00.000Z,8,0.6276561210007175
2019-09-04T00:00:00.000Z,8,0.6212648466810384
2019-09-27T00:00:00.000Z,19,-0.0027393302838635354
2019-09-22T00:00:00.000Z,20,0.2863128193185
2019-09-24T00:00:00.000Z,19,0.1542487040196614
2019-09-24T00:00:00.000Z,20,0.16097106654202634
2019-09-27T00:00:00.000Z,20,0.006369428178086375
2019-09-22T00:00:00.000Z,19,0.41519313571260236
2019-09-09T00:00:00.000Z,19,0.00832305795306879
2019-09-12T00:00:00.000Z,19,0.37421351398678676
2019-09-07T00:00:00.000Z,19,0.027693177804553104
2019-10-04T00:00:00.000Z,19,0.030865406962504737
2019-09-29T00:00:00.000Z,10,0.4548445779998559
2019-10-04T00:00:00.000Z,10,0.03725081075585274
2019-09-29T00:00:00.000Z,19,0.5957676064916869
2019-10-02T00:00:00.000Z,19,0.05256368362928457
2019-10-02T00:00:00.000Z,10,0.024354774267591896
2019-09-22T00:00:00.000Z,18,0.2698327279361339
2019-09-22T00:00:00.000Z,15,0.17755959189634982
2019-09-27T00:00:00.000Z,15,0.011797431304062586
2019-09-27T00:00:00.000Z,17,0.00420766357405633
2019-09-22T00:00:00.000Z,17,0.34276502750956833
2019-09-27T00:00:00.000Z,18,0.006552943355534665
2019-09-24T00:00:00.000Z,17,0.13479629087033893
2019-10-04T00:00:00.000Z,7,0.02522699846718888
2019-09-29T00:00:00.000Z,6,0.48093521054188504
2019-10-02T00:00:00.000Z,20,0.06796446047391881
2019-10-02T00:00:00.000Z,7,-1.1550034810632388E-4
2019-10-04T00:00:00.000Z,6,0.021169912989954406
2019-10-02T00:00:00.000Z,6,-0.026344100286532376
2019-09-29T00:00:00.000Z,7,0.5915189020439365
2019-10-02T00:00:00.000Z,15,0.001077974045507213
2019-09-29T00:00:00.000Z,15,0.6374955601346121
2019-10-04T00:00:00.000Z,15,0.023199868646797392
2019-09-29T00:00:00.000Z,20,0.6628485605520053
2019-10-04T00:00:00.000Z,20,0.018441568314084805
2019-10-02T00:00:00.000Z,8,-0.005351109563699103
2019-10-04T00:00:00.000Z,8,0.0529724795642054
2019-09-29T00:00:00.000Z,8,0.5773219756801687
2019-08-23T00:00:00.000Z,28,0.7421764263209636
2019-09-07T00:00:00.000Z,28,0.039895450072436986
2019-09-07T00:00:00.000Z,16,0.02806600726893481
2019-09-12T00:00:00.000Z,28,0.6721390416132913
2019-09-12T00:00:00.000Z,16,0.42697387758707983
2019-09-12T00:00:00.000Z,14,0.3251584980833575
2019-09-07T00:00:00.000Z,14,0.02511750642069699
2019-09-12T00:00:00.000Z,13,0.4604303316250605
2019-09-09T00:00:00.000Z,16,0.24702531868580713
2019-09-12T00:00:00.000Z,22,0.2913170448006944
2019-09-07T00:00:00.000Z,23,0.027680451147912084
2019-09-09T00:00:00.000Z,22,0.24188452317599596
2019-09-07T00:00:00.000Z,22,0.05241557855554363
2019-09-09T00:00:00.000Z,15,0.17520951272199095
2019-09-07T00:00:00.000Z,13,0.025565237324431868
2019-09-09T00:00:00.000Z,23,0.200210991581772
2019-09-12T00:00:00.000Z,23,0.31320702601970885
2019-09-09T00:00:00.000Z,24,0.1798858779679178
2019-09-07T00:00:00.000Z,24,0.06800281919373187
2019-09-12T00:00:00.000Z,24,0.6087211811107632
2019-08-23T00:00:00.000Z,4,0.5845249836159482
2019-08-23T00:00:00.000Z,5,0.7203282801125575
2019-08-25T00:00:00.000Z,4,0.5707181196845578
2019-08-25T00:00:00.000Z,5,0.5703380579013214
2019-08-25T00:00:00.000Z,22,0.5651683591492754
2019-08-23T00:00:00.000Z,24,0.7318984613769928
2019-08-25T00:00:00.000Z,1,0.5037607796782384
2019-08-23T00:00:00.000Z,36,0.6563044011348107
2019-08-25T00:00:00.000Z,24,0.626758491093424
2019-08-23T00:00:00.000Z,1,0.6155842579355576
2019-08-25T00:00:00.000Z,36,0.6248839982061916
2019-08-23T00:00:00.000Z,22,0.7355969626395318
2019-08-25T00:00:00.000Z,35,0.6050244732686623
2019-08-23T00:00:00.000Z,35,0.7132020790647975
2019-08-23T00:00:00.000Z,37,0.7197013015538035
2019-08-25T00:00:00.000Z,37,0.6860337044038788
2019-09-17T00:00:00.000Z,21,0.05385638231668196
2019-09-19T00:00:00.000Z,21,0.5599236097216154
2019-09-14T00:00:00.000Z,1,0.4282456837148972
2019-09-19T00:00:00.000Z,23,0.5708146366315479
2019-09-17T00:00:00.000Z,23,0.0660627425758497
2019-09-17T00:00:00.000Z,22,0.14738909635565664
2019-09-14T00:00:00.000Z,22,0.29757970393789995
2019-09-14T00:00:00.000Z,21,0.47300221439305995
2019-09-14T00:00:00.000Z,23,0.4194656612885191
2019-09-19T00:00:00.000Z,1,0.5777310832311534
2019-09-19T00:00:00.000Z,22,0.7024561907914693
2019-09-17T00:00:00.000Z,1,0.08026458492680974
2019-09-07T00:00:00.000Z,4,0.045651459542135675
2019-09-09T00:00:00.000Z,9,-0.00569021687672878
2019-09-09T00:00:00.000Z,12,-0.007979704523715233
2019-09-12T00:00:00.000Z,9,0.482191260722831
2019-09-07T00:00:00.000Z,5,0.06047049502851285
2019-09-07T00:00:00.000Z,7,0.026674042053328368
2019-09-12T00:00:00.000Z,5,0.5169730477557971
2019-09-09T00:00:00.000Z,7,0.026843634771698256
2019-09-07T00:00:00.000Z,9,0.10226579023756058
2019-09-07T00:00:00.000Z,12,0.1272910835664861
2019-09-12T00:00:00.000Z,12,0.41288466236636473
2019-09-09T00:00:00.000Z,4,0.09339377001789749
2019-09-09T00:00:00.000Z,5,0.004634425837904069
2019-09-12T00:00:00.000Z,7,0.3554910636004987
2019-09-12T00:00:00.000Z,4,0.18107380469136777
2019-10-02T00:00:00.000Z,3,0.043027635539225374
2019-10-04T00:00:00.000Z,3,0.014966950828196861
2019-10-04T00:00:00.000Z,2,0.016606673569324763
2019-10-02T00:00:00.000Z,5,0.18276582142471992
2019-09-29T00:00:00.000Z,2,0.6147631438866157
2019-10-02T00:00:00.000Z,2,0.18346033006477155
2019-09-29T00:00:00.000Z,12,0.6719303458653415
2019-09-29T00:00:00.000Z,5,0.6297795211561862
2019-10-04T00:00:00.000Z,5,0.025106737247263672
2019-10-02T00:00:00.000Z,12,0.1807175822372963
2019-09-29T00:00:00.000Z,3,0.6723498561742828
2019-10-04T00:00:00.000Z,12,0.044284741053992584
2019-09-22T00:00:00.000Z,29,0.12871382116833743
2019-09-27T00:00:00.000Z,24,0.008196527393549076
2019-09-24T00:00:00.000Z,22,0.2587571559574381
2019-09-24T00:00:00.000Z,37,0.1931834703612528
2019-09-22T00:00:00.000Z,22,0.29019100448112867
2019-09-27T00:00:00.000Z,37,0.24200666491282066
2019-09-24T00:00:00.000Z,24,0.22035434094037526
2019-09-27T00:00:00.000Z,22,0.0073098872359478465
2019-09-22T00:00:00.000Z,37,0.16809338247112365
2019-09-24T00:00:00.000Z,36,0.29221835762309745
2019-09-22T00:00:00.000Z,36,0.2759890644691718
2019-09-22T00:00:00.000Z,24,0.2779898250615416
2019-09-22T00:00:00.000Z,1,0.2172230435644929
2019-09-27T00:00:00.000Z,1,0.016001328542634006
2019-09-24T00:00:00.000Z,29,0.16412364251670516
2019-09-24T00:00:00.000Z,1,0.3056236203812539
2019-09-27T00:00:00.000Z,29,0.10139884982971449
2019-09-27T00:00:00.000Z,36,0.20830320703743108
2019-10-02T00:00:00.000Z,39,0.11475229348510543
2019-09-29T00:00:00.000Z,39,0.6499105827516101
2019-09-29T00:00:00.000Z,35,0.6664712489200068
2019-10-04T00:00:00.000Z,39,0.012336919658038513
2019-10-04T00:00:00.000Z,35,0.010016346798069951
2019-10-02T00:00:00.000Z,35,0.15334940858392657
2019-09-02T00:00:00.000Z,9,0.27410730885350804
2019-08-30T00:00:00.000Z,9,0.5427192852434802
2019-09-04T00:00:00.000Z,9,0.6521755216199522
2019-08-28T00:00:00.000Z,9,0.48053716641786215
2019-09-29T00:00:00.000Z,9,0.549835465920053
2019-10-02T00:00:00.000Z,9,0.08099970216214236
2019-10-04T00:00:00.000Z,9,0.0550716888122933
2019-08-23T00:00:00.000Z,11,0.6516730398498928
2019-08-25T00:00:00.000Z,11,0.42577409802736976
2019-08-23T00:00:00.000Z,3,0.6805975938719533
2019-08-23T00:00:00.000Z,12,0.6832595505877332
2019-08-25T00:00:00.000Z,3,0.5771103312515858
2019-08-25T00:00:00.000Z,12,0.5482146116689923
2019-08-28T00:00:00.000Z,11,0.3300680054416732
2019-09-04T00:00:00.000Z,3,0.7151017525406047
2019-08-28T00:00:00.000Z,39,0.5698448048222032
2019-09-02T00:00:00.000Z,11,0.4679006563031301
2019-08-30T00:00:00.000Z,3,0.6301170705703372
2019-09-04T00:00:00.000Z,39,0.6398250650352248
2019-08-30T00:00:00.000Z,39,0.5831991212420814
2019-09-02T00:00:00.000Z,3,0.3460586234420027
2019-08-30T00:00:00.000Z,11,0.5965167104921648
2019-08-28T00:00:00.000Z,3,0.4497584104323116
2019-09-04T00:00:00.000Z,11,0.7009299545529853
2019-09-02T00:00:00.000Z,39,0.39636469920403966
2019-09-24T00:00:00.000Z,3,0.24296031141165866
2019-09-22T00:00:00.000Z,3,0.42246881788356044
2019-09-24T00:00:00.000Z,12,0.22133390654369162
2019-09-22T00:00:00.000Z,12,0.4528104106134266
2019-09-27T00:00:00.000Z,5,1.3711114026772827E-4
2019-09-22T00:00:00.000Z,5,0.46684542258001843
2019-09-27T00:00:00.000Z,12,0.04438579541793114
2019-09-24T00:00:00.000Z,5,0.20506498140883267
2019-09-27T00:00:00.000Z,3,0.05536894920972054
2019-09-14T00:00:00.000Z,3,0.3673121307721816
2019-09-19T00:00:00.000Z,3,0.5630020136869377
2019-09-14T00:00:00.000Z,11,0.4051384723137069
2019-09-17T00:00:00.000Z,39,0.04601373021784799
2019-09-17T00:00:00.000Z,11,-0.026052641893375836
2019-09-19T00:00:00.000Z,11,0.5554278894135081
2019-09-14T00:00:00.000Z,39,0.3579968966261262
2019-09-17T00:00:00.000Z,3,-0.014989857063771213
2019-09-19T00:00:00.000Z,39,0.604318057137271
2019-09-02T00:00:00.000Z,29,0.07866506198565686
2019-08-30T00:00:00.000Z,28,0.6156734975357812
2019-08-30T00:00:00.000Z,24,0.6210044070967066
2019-09-04T00:00:00.000Z,29,0.7059408107564008
2019-09-02T00:00:00.000Z,28,0.4199053624592768
2019-09-04T00:00:00.000Z,28,0.8296990860048521
2019-08-28T00:00:00.000Z,28,0.6335075469590884
2019-08-28T00:00:00.000Z,30,0.5676360486692759
2019-09-04T00:00:00.000Z,24,0.7488607956102141
2019-09-02T00:00:00.000Z,24,0.1949316434821417
2019-08-30T00:00:00.000Z,30,0.5240901175842503
2019-09-04T00:00:00.000Z,30,0.7334193086255713
2019-08-28T00:00:00.000Z,29,0.0778187504931256
2019-08-28T00:00:00.000Z,24,0.033472055410307816
2019-09-02T00:00:00.000Z,30,0.0167790052300371
2019-08-30T00:00:00.000Z,29,0.5928041485040054
2019-09-22T00:00:00.000Z,27,0.2237760515254354
2019-09-22T00:00:00.000Z,28,0.21910582989521313
2019-09-27T00:00:00.000Z,28,-0.02340969124996984
2019-09-27T00:00:00.000Z,27,-0.027143073182011198
2019-09-09T00:00:00.000Z,26,0.46173631782786057
2019-09-12T00:00:00.000Z,30,0.7421862794843648
2019-09-12T00:00:00.000Z,26,0.7566588233336357
2019-09-07T00:00:00.000Z,27,0.0513933694160544
2019-09-07T00:00:00.000Z,26,0.09235730903011553
2019-09-12T00:00:00.000Z,27,0.7736899555724949
2019-09-09T00:00:00.000Z,30,0.20804607416570403
2019-09-07T00:00:00.000Z,30,0.05392143967644938
2019-09-17T00:00:00.000Z,25,0.6533352688074286
2019-09-17T00:00:00.000Z,33,0.7253782932001236
2019-09-17T00:00:00.000Z,26,0.64059467347634
2019-10-02T00:00:00.000Z,33,7.541173604506483E-4
2019-10-02T00:00:00.000Z,26,0.034346182805173445
2019-10-02T00:00:00.000Z,25,-0.019993247062544107
2019-10-04T00:00:00.000Z,34,0.009609234413962196
2019-10-02T00:00:00.000Z,34,0.2239191790222081
2019-09-29T00:00:00.000Z,34,0.7374231000807575
2019-09-24T00:00:00.000Z,26,0.033980234404396896
2019-09-24T00:00:00.000Z,34,0.02378403378299576
2019-09-22T00:00:00.000Z,34,0.48762116133004735
2019-09-22T00:00:00.000Z,26,0.3199010099074326
2019-09-24T00:00:00.000Z,30,0.08570780226020851
2019-09-27T00:00:00.000Z,26,0.08578031105336249
2019-09-27T00:00:00.000Z,30,0.20813717271304344
2019-09-27T00:00:00.000Z,34,0.31692234981349404
2019-09-22T00:00:00.000Z,30,0.17312824428358925
2019-08-23T00:00:00.000Z,29,0.5875885460952244
2019-08-25T00:00:00.000Z,29,0.6682818536765408
2019-08-25T00:00:00.000Z,30,0.7275905556344952
2019-08-25T00:00:00.000Z,31,0.761429364210788
2019-08-23T00:00:00.000Z,30,0.710974299642247
2019-08-23T00:00:00.000Z,31,0.7151261743338304
2019-08-23T00:00:00.000Z,32,0.32281229469342126
2019-08-25T00:00:00.000Z,32,0.7126125792117189
2019-08-25T00:00:00.000Z,34,0.737698003494405
2019-08-23T00:00:00.000Z,34,0.5717988215906107
2019-08-25T00:00:00.000Z,41,0.7427597687725267
2019-08-23T00:00:00.000Z,41,0.121756259975117
2019-08-23T00:00:00.000Z,43,0.4197440631608502
2019-08-25T00:00:00.000Z,43,0.7102017477589581
2019-08-25T00:00:00.000Z,42,0.7748912299248999
2019-08-23T00:00:00.000Z,42,0.16170728808412665
2019-09-19T00:00:00.000Z,31,0.750265686149226
2019-09-14T00:00:00.000Z,29,0.3574496956657066
2019-09-17T00:00:00.000Z,31,0.48500437060464746
2019-09-19T00:00:00.000Z,29,0.6932831839202264
2019-09-19T00:00:00.000Z,37,0.728358665410497
2019-09-14T00:00:00.000Z,37,0.32013447417738794
2019-09-17T00:00:00.000Z,29,0.14582811857947536
2019-09-14T00:00:00.000Z,31,0.46146048813071083
2019-09-17T00:00:00.000Z,37,0.08312265527725687
2019-09-09T00:00:00.000Z,37,0.08461695441441364
2019-09-09T00:00:00.000Z,43,0.20715153329619151
2019-09-07T00:00:00.000Z,35,0.07497774592072085
2019-09-07T00:00:00.000Z,43,0.056411583261830385
2019-09-07T00:00:00.000Z,37,0.06797846615327878
2019-09-12T00:00:00.000Z,35,0.7206438405662434
2019-09-12T00:00:00.000Z,40,0.6986404701663089
2019-09-12T00:00:00.000Z,43,0.7186963233711405
2019-09-07T00:00:00.000Z,40,0.04177774042225473
2019-09-12T00:00:00.000Z,37,0.719580809826267
2019-09-09T00:00:00.000Z,35,0.012643624454426777
2019-09-09T00:00:00.000Z,40,0.011237779038537279
2019-09-27T00:00:00.000Z,43,0.4871373133961163
2019-09-24T00:00:00.000Z,43,0.14281494765880975
2019-09-22T00:00:00.000Z,40,0.18964777868518734
2019-09-24T00:00:00.000Z,40,0.2399410220399861
2019-09-22T00:00:00.000Z,43,0.21616886846140235
2019-09-27T00:00:00.000Z,40,0.36942832279558946
2019-10-04T00:00:00.000Z,43,0.010593292904756114
2019-10-02T00:00:00.000Z,43,0.20231258605967817
2019-09-29T00:00:00.000Z,31,0.744309225054708
2019-10-04T00:00:00.000Z,41,0.0075339390736886905
2019-09-29T00:00:00.000Z,41,0.7604773159274746
2019-09-29T00:00:00.000Z,32,0.7188941576836588
2019-10-02T00:00:00.000Z,32,0.2879132352011053
2019-10-04T00:00:00.000Z,31,0.005301537803727279
2019-10-02T00:00:00.000Z,31,0.1622500028970625
2019-10-04T00:00:00.000Z,32,0.011389355539130426
2019-09-29T00:00:00.000Z,43,0.716145485177386
2019-10-02T00:00:00.000Z,41,0.46139079699369834
2019-09-27T00:00:00.000Z,41,0.5123917296321615
2019-09-24T00:00:00.000Z,41,0.1081391883575196
2019-09-22T00:00:00.000Z,41,0.2865512390291591
2019-09-24T00:00:00.000Z,42,0.164388049193232
2019-09-27T00:00:00.000Z,42,0.3355484232765322
2019-09-22T00:00:00.000Z,42,0.300045522500209
2019-08-25T00:00:00.000Z,39,0.523858992983528
2019-08-25T00:00:00.000Z,40,0.6713468954189881
2019-08-30T00:00:00.000Z,42,0.7616251118215849
2019-09-04T00:00:00.000Z,42,0.7822779891285969
2019-09-14T00:00:00.000Z,40,0.4485521766892376
2019-09-19T00:00:00.000Z,40,0.7120727588068447
2019-09-19T00:00:00.000Z,42,0.7903272192352427
2019-09-17T00:00:00.000Z,40,0.17913912421423878
2019-09-14T00:00:00.000Z,42,0.6020356618429655
2019-09-17T00:00:00.000Z,42,0.532711294914109
2019-10-12T00:00:00.000Z,20,0.6646149356920236
2019-10-07T00:00:00.000Z,20,0.12521620340789497
2019-10-12T00:00:00.000Z,18,0.46015631438227805
2019-10-07T00:00:00.000Z,18,0.011228008594005977
2019-10-27T00:00:00.000Z,20,0.05315942854415314
2019-10-27T00:00:00.000Z,15,0.048069665635935406
2019-10-27T00:00:00.000Z,14,0.049523248232599376
2019-10-24T00:00:00.000Z,15,0.4270859019203511
2019-11-01T00:00:00.000Z,20,0.023427295823239106
2019-11-06T00:00:00.000Z,20,0.029569333618515756
2019-10-29T00:00:00.000Z,20,0.06840868128814333
2019-10-27T00:00:00.000Z,19,0.020915204993106822
2019-10-24T00:00:00.000Z,20,0.23742604357268324
2019-10-24T00:00:00.000Z,19,0.06683902690274657
2019-10-29T00:00:00.000Z,19,0.0830019789543715
2019-10-24T00:00:00.000Z,10,0.01786141327684558
2019-10-27T00:00:00.000Z,10,0.06474446882452398
2019-10-29T00:00:00.000Z,10,0.09469058543214919
2019-10-22T00:00:00.000Z,7,0.023672271081491333
2019-10-17T00:00:00.000Z,20,0.26989907516091394
2019-10-19T00:00:00.000Z,15,0.06500138809467362
2019-10-19T00:00:00.000Z,20,0.05774073079839195
2019-10-22T00:00:00.000Z,6,4.926429156005501E-4
2019-10-17T00:00:00.000Z,7,0.4218059100205039
2019-10-17T00:00:00.000Z,15,0.5299692124804968
2019-10-19T00:00:00.000Z,6,0.03315733999932139
2019-10-19T00:00:00.000Z,7,0.03448001338761292
2019-10-22T00:00:00.000Z,20,0.37883334868724
2019-10-17T00:00:00.000Z,6,0.5642396674298557
2019-10-22T00:00:00.000Z,15,0.005130522566253468
2019-10-19T00:00:00.000Z,8,0.0379203256072528
2019-10-17T00:00:00.000Z,8,0.12779784889534615
2019-10-22T00:00:00.000Z,8,0.03714652418529195
2019-11-11T00:00:00.000Z,20,0.007566153980868503
2019-11-08T00:00:00.000Z,19,0.023486575675103486
2019-11-11T00:00:00.000Z,19,-0.002480079740072576
2019-11-13T00:00:00.000Z,20,0.08674778612680566
2019-11-08T00:00:00.000Z,20,0.02501317510575453
2019-11-13T00:00:00.000Z,19,0.1976176908591925
2019-11-16T00:00:00.000Z,19,0.10114587681086086
2019-11-21T00:00:00.000Z,19,0.18591104991224822
2019-11-18T00:00:00.000Z,19,0.0028850782022200967
2019-11-23T00:00:00.000Z,19,0.2585188277549321
2019-11-21T00:00:00.000Z,7,0.13608125284131087
2019-11-21T00:00:00.000Z,5,0.31985040841305473
2019-11-18T00:00:00.000Z,7,0.0788275603701028
2019-11-23T00:00:00.000Z,8,0.21805592616522707
2019-11-16T00:00:00.000Z,5,0.25607095719514006
2019-11-16T00:00:00.000Z,7,0.15070062265986758
2019-11-18T00:00:00.000Z,5,0.2013426836795209
2019-11-16T00:00:00.000Z,9,0.5659850462874307
2019-11-23T00:00:00.000Z,9,0.2131145248484167
2019-11-23T00:00:00.000Z,5,0.2447981585091168
2019-11-16T00:00:00.000Z,8,0.21375608334717985
2019-11-18T00:00:00.000Z,9,0.2024874818064403
2019-11-18T00:00:00.000Z,8,0.10502655558285247
2019-11-23T00:00:00.000Z,7,0.18707066284901863
2019-11-21T00:00:00.000Z,9,0.14756725501064472
2019-11-21T00:00:00.000Z,8,0.17727522018228717
2019-10-17T00:00:00.000Z,28,0.30070199375615453
2019-10-22T00:00:00.000Z,28,0.1391246416252301
2019-11-06T00:00:00.000Z,16,0.06022387960599699
2019-11-01T00:00:00.000Z,16,0.01868222536866525
2019-11-01T00:00:00.000Z,28,0.02107485105439629
2019-11-06T00:00:00.000Z,28,0.12560103983103213
2019-10-29T00:00:00.000Z,24,0.010564922754571939
2019-10-24T00:00:00.000Z,29,0.13630481479852422
2019-10-29T00:00:00.000Z,29,0.0035868973622551507
2019-10-27T00:00:00.000Z,28,0.12427556777793809
2019-10-29T00:00:00.000Z,28,0.0020387690607432027
2019-10-24T00:00:00.000Z,24,0.1808350086973053
2019-10-24T00:00:00.000Z,28,0.06661216234116835
2019-10-27T00:00:00.000Z,24,0.11774204121274316
2019-10-27T00:00:00.000Z,29,0.4350941240199184
2019-11-11T00:00:00.000Z,28,0.14836642064735006
2019-11-11T00:00:00.000Z,16,0.18624232555521011
2019-11-21T00:00:00.000Z,28,0.1717395555373687
2019-11-21T00:00:00.000Z,16,0.1234580894277586
2019-11-16T00:00:00.000Z,16,0.009370996070017661
2019-11-16T00:00:00.000Z,28,0.35055000640886635
2019-11-08T00:00:00.000Z,14,0.026898547821994603
2019-11-11T00:00:00.000Z,23,0.10758382351027461
2019-11-13T00:00:00.000Z,15,0.16860163727121216
2019-11-13T00:00:00.000Z,23,0.3687775910465743
2019-11-08T00:00:00.000Z,15,0.024407394419777538
2019-11-11T00:00:00.000Z,14,0.0028431859280075096
2019-11-13T00:00:00.000Z,14,0.11216080757792093
2019-11-08T00:00:00.000Z,23,0.019999694648172972
2019-11-11T00:00:00.000Z,15,0.010961266377609583
2019-11-13T00:00:00.000Z,24,0.4450014625299085
2019-11-11T00:00:00.000Z,13,0.05472604088061713
2019-11-08T00:00:00.000Z,22,0.018470112351130684
2019-11-11T00:00:00.000Z,24,0.34661295942468734
2019-11-08T00:00:00.000Z,16,0.020896110168919037
2019-11-11T00:00:00.000Z,22,0.25538783530307574
2019-11-13T00:00:00.000Z,22,0.4982940443616856
2019-11-08T00:00:00.000Z,24,0.0197659371510301
2019-11-13T00:00:00.000Z,16,0.2168153555967683
2019-10-24T00:00:00.000Z,21,0.3772175696691779
2019-10-29T00:00:00.000Z,21,0.03165270974727426
2019-10-24T00:00:00.000Z,23,0.3284895224473537
2019-10-29T00:00:00.000Z,22,0.015964310577992823
2019-10-27T00:00:00.000Z,22,0.08395943433234984
2019-10-24T00:00:00.000Z,22,0.16618865913434866
2019-10-29T00:00:00.000Z,1,0.01440377810116198
2019-10-24T00:00:00.000Z,1,0.17506729249741784
2019-10-27T00:00:00.000Z,23,0.04598671852585455
2019-10-27T00:00:00.000Z,1,0.46377656880143175
2019-10-29T00:00:00.000Z,23,0.04872846925777303
2019-10-27T00:00:00.000Z,21,0.028883836590475005
2019-10-14T00:00:00.000Z,9,0.646529405151349
2019-10-12T00:00:00.000Z,9,0.5981618094230337
2019-10-14T00:00:00.000Z,7,0.6386617783875833
2019-10-07T00:00:00.000Z,5,0.1588191412324792
2019-10-07T00:00:00.000Z,9,0.016620659332683155
2019-10-12T00:00:00.000Z,5,0.5020799792435026
2019-10-07T00:00:00.000Z,7,0.10684532965646573
2019-10-09T00:00:00.000Z,4,0.054400638158293504
2019-10-14T00:00:00.000Z,5,0.7135758949128731
2019-10-14T00:00:00.000Z,12,0.6712104428937322
2019-10-07T00:00:00.000Z,12,0.02485870692624148
2019-10-07T00:00:00.000Z,4,0.36656876655433956
2019-10-09T00:00:00.000Z,9,0.03932755239971726
2019-10-14T00:00:00.000Z,4,0.6050445027830575
2019-10-09T00:00:00.000Z,12,0.012130796922535889
2019-10-09T00:00:00.000Z,5,0.02088540915198292
2019-10-12T00:00:00.000Z,12,0.5983776647000718
2019-10-12T00:00:00.000Z,7,0.5989746368690706
2019-10-12T00:00:00.000Z,4,0.45588345329122254
2019-10-09T00:00:00.000Z,7,0.07008627154076266
2019-10-07T00:00:00.000Z,24,0.4045948106542804
2019-10-12T00:00:00.000Z,37,0.5889772495286404
2019-10-07T00:00:00.000Z,22,0.3403510721661681
2019-10-14T00:00:00.000Z,29,0.6840033572017937
2019-10-07T00:00:00.000Z,37,0.4759370657768158
2019-10-12T00:00:00.000Z,24,0.40125392563808904
2019-10-09T00:00:00.000Z,37,0.008979475336669636
2019-10-09T00:00:00.000Z,22,0.06275450703674978
2019-10-07T00:00:00.000Z,29,0.31874192709333377
2019-10-09T00:00:00.000Z,36,0.007744573570592409
2019-10-14T00:00:00.000Z,36,0.6629595617184884
2019-10-09T00:00:00.000Z,29,0.013436321534000924
2019-10-14T00:00:00.000Z,1,0.6474867565973598
2019-10-09T00:00:00.000Z,24,0.019942851120356243
2019-10-14T00:00:00.000Z,24,0.7219655265829805
2019-10-12T00:00:00.000Z,36,0.23783700485886516
2019-10-12T00:00:00.000Z,29,0.6925980945241811
2019-10-14T00:00:00.000Z,37,0.694222018276116
2019-10-07T00:00:00.000Z,1,0.1302219029401864
2019-10-12T00:00:00.000Z,1,0.2361755863027684
2019-10-07T00:00:00.000Z,36,0.4400353400421454
2019-10-12T00:00:00.000Z,22,0.19298943476806063
2019-10-14T00:00:00.000Z,22,0.7302891911427543
2019-10-09T00:00:00.000Z,1,0.022257299689867536
2019-10-07T00:00:00.000Z,39,0.2917220125221172
2019-10-07T00:00:00.000Z,35,0.4185026199433839
2019-10-12T00:00:00.000Z,3,0.3744858185170934
2019-10-14T00:00:00.000Z,35,0.6799723848637123
2019-10-14T00:00:00.000Z,39,0.612468183067346
2019-10-07T00:00:00.000Z,3,0.15005268936419677
2019-10-12T00:00:00.000Z,35,0.24380954540314026
2019-10-09T00:00:00.000Z,2,0.017398367809014367
2019-10-12T00:00:00.000Z,2,0.24104173358023442
2019-10-12T00:00:00.000Z,39,0.27055318722383814
2019-10-07T00:00:00.000Z,2,0.21422843751695358
2019-10-14T00:00:00.000Z,2,0.6590141957823246
2019-10-09T00:00:00.000Z,39,0.01863427113095769
2019-10-14T00:00:00.000Z,3,0.6798145828436888
2019-10-09T00:00:00.000Z,35,0.011969198846187905
2019-10-09T00:00:00.000Z,3,0.017975929852186368
2019-11-08T00:00:00.000Z,4,0.02080979509347544
2019-11-11T00:00:00.000Z,5,0.5900203570393979
2019-11-13T00:00:00.000Z,5,0.581032338940546
2019-11-11T00:00:00.000Z,4,0.11488425598122486
2019-11-08T00:00:00.000Z,5,0.018128858650706743
2019-11-08T00:00:00.000Z,7,0.021681440764702808
2019-11-13T00:00:00.000Z,7,0.31201252555442394
2019-11-11T00:00:00.000Z,7,0.029213893097323435
2019-11-13T00:00:00.000Z,4,0.3386546786891452
2019-11-16T00:00:00.000Z,1,-0.018763108912055303
2019-11-21T00:00:00.000Z,22,0.24553448272348452
2019-11-18T00:00:00.000Z,29,0.28372332926954996
2019-11-18T00:00:00.000Z,1,0.19926837328996183
2019-11-18T00:00:00.000Z,22,0.06549117199401173
2019-11-23T00:00:00.000Z,37,0.08951870879862217
2019-11-16T00:00:00.000Z,29,0.014201783010734027
2019-11-18T00:00:00.000Z,24,0.08773164823212903
2019-11-18T00:00:00.000Z,36,0.3275142500650951
2019-11-21T00:00:00.000Z,36,0.20892315238266532
2019-11-21T00:00:00.000Z,1,0.12103676102903883
2019-11-23T00:00:00.000Z,1,0.12749673619757565
2019-11-16T00:00:00.000Z,36,-0.012885117025622695
2019-11-23T00:00:00.000Z,29,0.1141513310245443
2019-11-18T00:00:00.000Z,37,0.5044301987990921
2019-11-16T00:00:00.000Z,24,-0.0037814231687838956
2019-11-23T00:00:00.000Z,24,0.10079080557971595
2019-11-23T00:00:00.000Z,22,0.09238294161974453
2019-11-21T00:00:00.000Z,29,0.32696457486532277
2019-11-23T00:00:00.000Z,36,0.1089642662049329
2019-11-16T00:00:00.000Z,22,-0.01831725907366349
2019-11-16T00:00:00.000Z,37,-0.014889720089896913
2019-11-21T00:00:00.000Z,24,0.4023804477103667
2019-11-21T00:00:00.000Z,37,0.32384372372807285
2019-10-22T00:00:00.000Z,10,0.26985390755020683
2019-10-19T00:00:00.000Z,10,0.037461451180993234
2019-10-17T00:00:00.000Z,10,0.4790847015608949
2019-11-16T00:00:00.000Z,10,0.2014682256021371
2019-11-23T00:00:00.000Z,10,0.19877985404478357
2019-11-18T00:00:00.000Z,10,0.03355648933089735
2019-11-21T00:00:00.000Z,10,0.0839724432556019
2019-10-24T00:00:00.000Z,12,0.11571953651362792
2019-10-27T00:00:00.000Z,3,0.41074190798876214
2019-10-27T00:00:00.000Z,11,0.16648506842846145
2019-10-24T00:00:00.000Z,3,0.24851401501563888
2019-10-24T00:00:00.000Z,11,0.06894912508818107
2019-10-29T00:00:00.000Z,3,0.024978517098288314
2019-10-29T00:00:00.000Z,11,0.04089927342668107
2019-10-27T00:00:00.000Z,12,0.3362898638686136
2019-10-29T00:00:00.000Z,12,0.08268427587986484
2019-10-09T00:00:00.000Z,38,0.022467909680503245
2019-10-07T00:00:00.000Z,38,0.37041626200254624
2019-10-12T00:00:00.000Z,38,0.2075114526935068
2019-10-14T00:00:00.000Z,38,0.5456002754111864
2019-11-08T00:00:00.000Z,11,0.019681933350240752
2019-11-13T00:00:00.000Z,12,0.3635817429004467
2019-11-13T00:00:00.000Z,11,0.32716259976917506
2019-11-08T00:00:00.000Z,12,0.021235778703378977
2019-11-23T00:00:00.000Z,39,0.21668356730294208
2019-11-21T00:00:00.000Z,38,0.11454418745579112
2019-11-18T00:00:00.000Z,39,0.3692055420623
2019-11-16T00:00:00.000Z,39,0.048441867499141734
2019-11-18T00:00:00.000Z,38,0.2510693254581783
2019-11-21T00:00:00.000Z,39,0.15374769077575026
2019-11-23T00:00:00.000Z,38,0.23241386527829122
2019-11-23T00:00:00.000Z,11,0.17434486335033136
2019-11-18T00:00:00.000Z,11,0.20702897157696062
2019-10-07T00:00:00.000Z,25,0.2631001369579695
2019-10-07T00:00:00.000Z,27,0.12264498940583182
2019-10-07T00:00:00.000Z,26,0.1403179612058424
2019-10-12T00:00:00.000Z,27,0.7017759790024963
2019-10-12T00:00:00.000Z,26,0.7241542717527001
2019-10-12T00:00:00.000Z,25,0.6452412722489164
2019-10-19T00:00:00.000Z,30,0.03454619531443149
2019-10-22T00:00:00.000Z,27,0.05160128692930326
2019-10-19T00:00:00.000Z,29,0.036833662892069165
2019-10-17T00:00:00.000Z,30,0.5710491867960702
2019-10-17T00:00:00.000Z,27,0.4745310966361841
2019-10-22T00:00:00.000Z,29,0.0365871834919462
2019-10-19T00:00:00.000Z,28,0.03523650580386166
2019-10-17T00:00:00.000Z,29,0.24288622112866898
2019-10-22T00:00:00.000Z,30,0.11672465549414295
2019-11-03T00:00:00.000Z,26,0.01680413236461195
2019-11-06T00:00:00.000Z,26,0.08030650078928452
2019-11-03T00:00:00.000Z,29,0.04266212317318309
2019-11-01T00:00:00.000Z,26,0.020491971459230245
2019-11-06T00:00:00.000Z,30,0.062227044492593794
2019-11-03T00:00:00.000Z,30,0.029305378471511895
2019-11-06T00:00:00.000Z,29,0.13368579731083174
2019-11-01T00:00:00.000Z,29,0.024780792920917873
2019-11-01T00:00:00.000Z,30,0.017194989551650233
2019-10-09T00:00:00.000Z,26,8.611227550012309E-4
2019-10-12T00:00:00.000Z,30,0.7242581014479599
2019-10-12T00:00:00.000Z,34,0.7440570761078652
2019-10-14T00:00:00.000Z,30,0.6972561951272803
2019-10-14T00:00:00.000Z,26,0.74764175532513
2019-10-14T00:00:00.000Z,34,0.7024999405842864
2019-10-07T00:00:00.000Z,30,0.12576592751258836
2019-10-07T00:00:00.000Z,34,0.08049524445586884
2019-10-09T00:00:00.000Z,30,0.004913176987448207
2019-10-09T00:00:00.000Z,34,0.008830153679369667
2019-11-11T00:00:00.000Z,26,0.2763225020718488
2019-11-11T00:00:00.000Z,27,0.19284935040790355
2019-11-11T00:00:00.000Z,25,0.06929515818191843
2019-11-13T00:00:00.000Z,26,0.5298574987411482
2019-11-08T00:00:00.000Z,26,0.01995478227465121
2019-11-13T00:00:00.000Z,30,0.5224491973702374
2019-11-11T00:00:00.000Z,30,0.2051053910786767
2019-11-08T00:00:00.000Z,30,0.020105688032092433
2019-11-16T00:00:00.000Z,26,0.4154615607844254
2019-11-21T00:00:00.000Z,34,0.08625913137869358
2019-11-18T00:00:00.000Z,30,0.30194609624516544
2019-11-21T00:00:00.000Z,26,0.07146076875068735
2019-11-23T00:00:00.000Z,34,0.031136789330058076
2019-11-23T00:00:00.000Z,30,0.06868817015591212
2019-11-16T00:00:00.000Z,30,0.12044148311791207
2019-11-23T00:00:00.000Z,26,0.037761884732895275
2019-11-21T00:00:00.000Z,30,0.23792901758221513
2019-11-16T00:00:00.000Z,34,0.11959092511691874
2019-11-18T00:00:00.000Z,26,0.2360173349065245
2019-11-18T00:00:00.000Z,34,0.07839767935803799
2019-11-06T00:00:00.000Z,31,0.016948086468512792
2019-11-01T00:00:00.000Z,31,0.030668125192798542
2019-11-06T00:00:00.000Z,37,0.051812291432507346
2019-11-03T00:00:00.000Z,31,0.015746451096975957
2019-11-03T00:00:00.000Z,37,0.03196554105791435
2019-11-01T00:00:00.000Z,37,0.03915918581625561
2019-10-29T00:00:00.000Z,39,0.017661077334000245
2019-10-24T00:00:00.000Z,40,0.23671063868361986
2019-10-27T00:00:00.000Z,35,0.4799794005983445
2019-10-29T00:00:00.000Z,40,0.0088638999290392
2019-10-24T00:00:00.000Z,39,0.34666330997767775
2019-10-24T00:00:00.000Z,35,0.24786952786341146
2019-10-27T00:00:00.000Z,40,0.2873951839889474
2019-10-29T00:00:00.000Z,35,0.011935810498423006
2019-10-27T00:00:00.000Z,39,0.24808195721127754
2019-10-14T00:00:00.000Z,32,0.6730460385029717
2019-10-12T00:00:00.000Z,32,0.7014996700754753
2019-10-09T00:00:00.000Z,32,0.009913807848937013
2019-10-07T00:00:00.000Z,32,0.40537689450437925
2019-10-27T00:00:00.000Z,32,0.4705166833281992
2019-10-27T00:00:00.000Z,34,0.5736973073187027
2019-10-29T00:00:00.000Z,34,0.0059134640163962205
2019-10-29T00:00:00.000Z,32,0.007409717535436549
2019-10-24T00:00:00.000Z,32,0.04120357500847214
2019-10-24T00:00:00.000Z,34,0.036671090109737424
2019-10-22T00:00:00.000Z,44,0.03202057089817782
2019-10-19T00:00:00.000Z,41,0.03527511971318411
2019-10-22T00:00:00.000Z,41,0.062098759939326544
2019-10-17T00:00:00.000Z,41,0.6645003337305049
2019-10-17T00:00:00.000Z,32,0.6799509033569724
2019-10-17T00:00:00.000Z,44,-0.10262774957921535
2019-10-22T00:00:00.000Z,32,0.12929686441109142
2019-10-19T00:00:00.000Z,44,0.02074131564259565
2019-10-19T00:00:00.000Z,32,0.02354649221959688
2019-10-29T00:00:00.000Z,41,0.014848884057360165
2019-10-27T00:00:00.000Z,41,0.2741077613678865
2019-10-29T00:00:00.000Z,42,0.010458249252269907
2019-10-24T00:00:00.000Z,42,0.13213439165312993
2019-10-27T00:00:00.000Z,42,0.29050234275572145
2019-10-24T00:00:00.000Z,41,0.06531000320150947
2019-11-18T00:00:00.000Z,35,0.4731994329412672
2019-11-21T00:00:00.000Z,43,0.061727018881327055
2019-11-23T00:00:00.000Z,43,0.17101833087101018
2019-11-18T00:00:00.000Z,43,0.4923317444523875
2019-11-16T00:00:00.000Z,40,0.08921020144450093
2019-11-16T00:00:00.000Z,43,0.0019887252019056907
2019-11-23T00:00:00.000Z,40,0.15648674345630273
2019-11-21T00:00:00.000Z,40,0.20190453875215586
2019-11-23T00:00:00.000Z,35,0.1540282195610055
2019-11-21T00:00:00.000Z,35,0.1716243799647991
2019-11-16T00:00:00.000Z,35,0.021900385575938448
2019-11-18T00:00:00.000Z,40,0.3730948229374827
2019-11-18T00:00:00.000Z,44,-0.13370893820724003
2019-11-16T00:00:00.000Z,44,-0.04134672094027897
2019-11-23T00:00:00.000Z,41,0.20545656542564117
2019-11-16T00:00:00.000Z,41,0.15961143681525883
2019-11-21T00:00:00.000Z,41,0.06693919107970625
2019-11-23T00:00:00.000Z,32,0.12167612761596223
2019-11-21T00:00:00.000Z,44,0.007675709926272528
2019-11-21T00:00:00.000Z,32,0.01452774911451028
2019-11-23T00:00:00.000Z,44,0.07570312090827008
2019-11-18T00:00:00.000Z,32,0.2851823474104134
2019-11-16T00:00:00.000Z,32,0.03198748026257123
2019-11-18T00:00:00.000Z,41,0.4503079733613128
2019-11-11T00:00:00.000Z,33,0.4457663267177259
2019-11-11T00:00:00.000Z,34,0.0768690129308737
2019-11-08T00:00:00.000Z,34,0.029265593629789106
2019-11-13T00:00:00.000Z,34,0.4337171194819799
2019-10-07T00:00:00.000Z,41,0.4810948870180218
2019-10-09T00:00:00.000Z,45,0.007598570524513499
2019-10-07T00:00:00.000Z,45,-0.008338983365433705
2019-10-12T00:00:00.000Z,41,0.5383283738523936
2019-10-14T00:00:00.000Z,41,0.7146410393720458
2019-10-12T00:00:00.000Z,45,0.16394134322867362
2019-10-14T00:00:00.000Z,45,0.15964082350568073
2019-10-09T00:00:00.000Z,41,0.006459308725972673
2019-11-06T00:00:00.000Z,45,-0.005011734589815778
2019-11-06T00:00:00.000Z,41,0.01780464068859751
2019-11-01T00:00:00.000Z,45,0.023748421761004983
2019-11-01T00:00:00.000Z,41,0.05601124652309817
2019-11-03T00:00:00.000Z,41,0.02179970222168357
2019-11-03T00:00:00.000Z,45,0.015649909939319123
2019-11-08T00:00:00.000Z,45,0.01582744770314548
2019-11-13T00:00:00.000Z,41,0.2984338227062777
2019-11-11T00:00:00.000Z,41,0.011520703514555898
2019-11-13T00:00:00.000Z,45,0.03808710940337993
2019-11-08T00:00:00.000Z,41,0.02055862247103632
2019-11-11T00:00:00.000Z,45,-4.6226623399953884E-4
2019-10-19T00:00:00.000Z,40,0.018351310229953424
2019-10-19T00:00:00.000Z,38,0.0317379882059148
2019-10-19T00:00:00.000Z,39,0.018214257087987257
2019-11-01T00:00:00.000Z,38,0.03776813045776683
2019-11-01T00:00:00.000Z,40,0.08913371225674233
2019-11-06T00:00:00.000Z,40,0.05330413707743464
2019-11-01T00:00:00.000Z,39,0.0672595257588863
2019-11-03T00:00:00.000Z,39,0.03215695759833208
2019-11-03T00:00:00.000Z,40,0.034660724068988145
2019-11-06T00:00:00.000Z,39,0.0644365377218964
2019-11-03T00:00:00.000Z,38,0.029054790510508317
2019-11-03T00:00:00.000Z,42,0.03487178238053298
2019-11-11T00:00:00.000Z,38,-0.02050587412935626
2019-11-13T00:00:00.000Z,38,0.4994367235232801
2019-11-13T00:00:00.000Z,39,0.5142132670932774
2019-11-08T00:00:00.000Z,39,0.016862014408685955
2019-11-13T00:00:00.000Z,40,0.4235611063185757
2019-11-11T00:00:00.000Z,39,0.0074681018307398645
2019-11-08T00:00:00.000Z,38,0.01499754132175556
2019-11-08T00:00:00.000Z,40,0.013650565182457008
2019-11-11T00:00:00.000Z,40,-0.011943213379529756
2019-09-07T00:00:00.000Z,8,0.026204359982323726
2019-09-09T00:00:00.000Z,10,0.00654492678607624
2019-09-12T00:00:00.000Z,8,0.2820630005737899
2019-09-12T00:00:00.000Z,10,0.14759752913614024
2019-09-09T00:00:00.000Z,8,-6.570624158804399E-4
2019-09-07T00:00:00.000Z,10,0.038506992405019966
2019-08-23T00:00:00.000Z,13,0.7899303552714964
2019-08-23T00:00:00.000Z,23,0.6959944174700844
2019-08-25T00:00:00.000Z,23,0.5215079786157782
2019-08-25T00:00:00.000Z,16,0.5843956925545997
2019-08-23T00:00:00.000Z,16,0.7209227267999667
2019-09-22T00:00:00.000Z,23,0.23041629068342892
2019-09-24T00:00:00.000Z,16,0.22986041730667323
2019-09-22T00:00:00.000Z,13,0.2706090827358928
2019-09-24T00:00:00.000Z,23,0.24431828641119913
2019-09-27T00:00:00.000Z,13,4.774729993522204E-5
2019-09-27T00:00:00.000Z,23,0.008752643724311289
2019-09-27T00:00:00.000Z,16,-0.0021536484634170827
2019-09-24T00:00:00.000Z,15,0.17533921836348998
2019-09-22T00:00:00.000Z,16,0.23981435776125856
2019-09-24T00:00:00.000Z,28,0.09847620031228714
2019-08-23T00:00:00.000Z,2,0.6153897757313674
2019-08-25T00:00:00.000Z,2,0.6224469165653488
2019-08-25T00:00:00.000Z,0,0.5575165328076066
2019-08-23T00:00:00.000Z,0,0.5032333204774028
2019-09-04T00:00:00.000Z,2,0.6834844111034342
2019-09-04T00:00:00.000Z,35,0.7386770697393015
2019-08-28T00:00:00.000Z,2,0.6302083050309967
2019-09-02T00:00:00.000Z,2,0.37116423677767807
2019-08-28T00:00:00.000Z,35,0.7069310347589377
2019-08-30T00:00:00.000Z,35,0.6029762509646657
2019-09-02T00:00:00.000Z,35,0.2825599459850259
2019-08-30T00:00:00.000Z,2,0.6537719010110501
2019-09-07T00:00:00.000Z,0,0.05791415500433601
2019-09-12T00:00:00.000Z,2,0.4819621799340797
2019-09-12T00:00:00.000Z,0,0.4379246656786221
2019-09-07T00:00:00.000Z,2,0.06666258163703168
2019-09-09T00:00:00.000Z,0,0.21946734589815028
2019-09-09T00:00:00.000Z,2,0.09788009641384297
2019-09-12T00:00:00.000Z,36,0.4772821146913422
2019-09-09T00:00:00.000Z,36,0.033791365230870916
2019-09-07T00:00:00.000Z,36,0.0740091812536679
2019-09-09T00:00:00.000Z,1,0.05445516830874599
2019-09-12T00:00:00.000Z,1,0.39021735493302867
2019-09-07T00:00:00.000Z,1,0.0622524640906571
2019-08-25T00:00:00.000Z,10,0.5097327327543183
2019-08-23T00:00:00.000Z,10,0.5810577068441274
2019-09-17T00:00:00.000Z,10,0.34525048848313034
2019-09-14T00:00:00.000Z,10,0.5027289636158508
2019-09-19T00:00:00.000Z,10,0.47089885431623535
2019-09-22T00:00:00.000Z,10,0.46776101401367837
2019-09-24T00:00:00.000Z,10,0.14049757718182473
2019-09-27T00:00:00.000Z,10,0.0017106510024768762
2019-09-19T00:00:00.000Z,9,0.4790255939186119
2019-09-14T00:00:00.000Z,9,0.5372169249875326
2019-09-24T00:00:00.000Z,9,0.22182711896022958
2019-08-25T00:00:00.000Z,9,0.48475168757631043
2019-08-23T00:00:00.000Z,9,0.6456365959270521
2019-08-23T00:00:00.000Z,39,0.5459999161875073
2019-09-29T00:00:00.000Z,11,0.6425598491366136
2019-10-04T00:00:00.000Z,11,0.03402141995392166
2019-08-23T00:00:00.000Z,27,0.7575136799101043
2019-08-23T00:00:00.000Z,25,0.7081495583134175
2019-08-23T00:00:00.000Z,26,0.723499882378205
2019-08-25T00:00:00.000Z,28,0.8036497361067636
2019-08-25T00:00:00.000Z,26,0.7468121586383347
2019-10-02T00:00:00.000Z,28,-2.9695142051672013E-4
2019-10-02T00:00:00.000Z,27,0.01775580750318531
2019-09-17T00:00:00.000Z,34,0.6529358923187046
2019-09-22T00:00:00.000Z,33,0.66220497023706
2019-09-27T00:00:00.000Z,33,0.07599933117344107
2019-09-02T00:00:00.000Z,37,0.20484616036281658
2019-08-28T00:00:00.000Z,31,0.5308228539591338
2019-08-30T00:00:00.000Z,31,0.5763712181839846
2019-09-04T00:00:00.000Z,31,0.7648304299541243
2019-09-04T00:00:00.000Z,37,0.7403494073395724
2019-08-28T00:00:00.000Z,37,0.3667130049069648
2019-09-02T00:00:00.000Z,31,0.05399765781002135
2019-08-30T00:00:00.000Z,37,0.5647378735813842
2019-09-04T00:00:00.000Z,32,0.7218955249689939
2019-08-30T00:00:00.000Z,41,0.7326193427991711
2019-09-02T00:00:00.000Z,32,0.027027634147213618
2019-08-28T00:00:00.000Z,41,0.7157657610597059
2019-09-04T00:00:00.000Z,44,-0.15630568769986544
2019-08-28T00:00:00.000Z,32,0.6997464591853974
2019-08-30T00:00:00.000Z,44,-0.05423259998220601
2019-08-30T00:00:00.000Z,32,0.6935950753702901
2019-09-02T00:00:00.000Z,41,0.07645182947180651
2019-09-04T00:00:00.000Z,41,0.7499761021115869
2019-09-02T00:00:00.000Z,44,0.027326033821042914
2019-08-28T00:00:00.000Z,44,-0.012226261322435816
2019-09-17T00:00:00.000Z,43,0.34276797324811226
2019-09-19T00:00:00.000Z,43,0.7059189206511931
2019-09-14T00:00:00.000Z,43,0.4482601082224806
2019-09-09T00:00:00.000Z,39,0.009699404221462636
2019-09-07T00:00:00.000Z,39,0.07461026222291023
2019-09-12T00:00:00.000Z,39,0.6298899205619002
2019-09-14T00:00:00.000Z,41,0.5876406801906462
2019-09-19T00:00:00.000Z,32,0.7182470417743959
2019-09-14T00:00:00.000Z,32,0.6024015642620608
2019-09-17T00:00:00.000Z,32,0.6197282467857951
2019-09-17T00:00:00.000Z,41,0.6738714986281712
2019-09-19T00:00:00.000Z,41,0.7495039034585738
2019-09-09T00:00:00.000Z,6,0.004257667929877867
2019-09-07T00:00:00.000Z,6,0.02886616221565119
2019-09-12T00:00:00.000Z,6,0.24619272495409641
2019-10-02T00:00:00.000Z,16,0.04359588307541839
2019-09-17T00:00:00.000Z,16,0.04520747636777398
2019-09-17T00:00:00.000Z,14,0.052633690216985884
2019-09-17T00:00:00.000Z,15,0.09587678296345861
2019-09-17T00:00:00.000Z,13,0.032279510693182904
2019-09-14T00:00:00.000Z,15,0.4464674530801764
2019-09-14T00:00:00.000Z,16,0.13784271587469688
2019-09-19T00:00:00.000Z,16,0.8079358940171679
2019-09-19T00:00:00.000Z,15,0.47903691296385026
2019-09-27T00:00:00.000Z,4,-1.2584790397290055E-4
2019-09-27T00:00:00.000Z,7,-0.0019793209160317996
2019-09-24T00:00:00.000Z,4,0.2188738956449978
2019-09-22T00:00:00.000Z,7,0.26335965646019494
2019-09-24T00:00:00.000Z,7,0.1951550803750191
2019-09-22T00:00:00.000Z,4,0.2637708457388609
2019-09-22T00:00:00.000Z,9,0.4932458975915731
2019-09-27T00:00:00.000Z,9,0.003963121914056122
2019-09-29T00:00:00.000Z,29,0.6747847492573491
2019-09-29T00:00:00.000Z,22,0.7450057968302837
2019-09-29T00:00:00.000Z,37,0.6979731342308896
2019-09-29T00:00:00.000Z,36,0.5819132726900621
2019-09-29T00:00:00.000Z,24,0.6613998018523142
2019-10-04T00:00:00.000Z,29,0.011588167863858745
2019-10-02T00:00:00.000Z,22,-0.007389117788220134
2019-10-04T00:00:00.000Z,24,0.012853086126596273
2019-10-02T00:00:00.000Z,36,0.27781847644541346
2019-09-29T00:00:00.000Z,1,0.44439839725577673
2019-10-04T00:00:00.000Z,22,0.031757696918042776
2019-10-02T00:00:00.000Z,24,0.13528730038014258
2019-10-02T00:00:00.000Z,37,0.19233239680547293
2019-10-02T00:00:00.000Z,29,0.19643272344218152
2019-10-04T00:00:00.000Z,1,0.0541391917005893
2019-10-04T00:00:00.000Z,36,0.03173108294973713
2019-10-02T00:00:00.000Z,1,0.04711999365314723
2019-10-04T00:00:00.000Z,37,0.01799087802945896
2019-09-17T00:00:00.000Z,9,0.033823441843997784
2019-08-28T00:00:00.000Z,5,0.7015120597497121
2019-09-04T00:00:00.000Z,5,0.7342691052133594
2019-08-30T00:00:00.000Z,12,0.5883728850455251
2019-08-30T00:00:00.000Z,5,0.650910850366378
2019-08-28T00:00:00.000Z,12,0.5980343787674729
2019-09-02T00:00:00.000Z,12,0.3049786909102651
2019-09-02T00:00:00.000Z,5,0.4461353291870792
2019-09-04T00:00:00.000Z,12,0.7194946152841408
2019-09-24T00:00:00.000Z,11,0.10982231700249742
2019-09-22T00:00:00.000Z,11,0.21314773023130373
2019-09-27T00:00:00.000Z,11,-0.00825158290970729
2019-09-22T00:00:00.000Z,39,0.21257890701265675
2019-09-27T00:00:00.000Z,39,0.20322012001405668
2019-09-24T00:00:00.000Z,39,0.20099607119928073
2019-08-28T00:00:00.000Z,26,0.6862694321848748
2019-09-02T00:00:00.000Z,33,0.05232622548000681
2019-09-02T00:00:00.000Z,26,0.1273150583900232
2019-08-28T00:00:00.000Z,33,0.7394987057315295
2019-09-14T00:00:00.000Z,34,0.6347607927477457
2019-09-19T00:00:00.000Z,34,0.7380349594088866
2019-10-02T00:00:00.000Z,45,0.08610698945967345
2019-09-29T00:00:00.000Z,45,0.1941614786061174
2019-10-04T00:00:00.000Z,45,-7.525009577388378E-4
2019-08-28T00:00:00.000Z,40,0.6561529880730741
2019-08-30T00:00:00.000Z,40,0.6624239833190003
2019-08-28T00:00:00.000Z,42,0.7040842353446467
2019-09-02T00:00:00.000Z,40,0.16030207964350024
2019-09-02T00:00:00.000Z,42,0.15117563087073704
2019-09-04T00:00:00.000Z,40,0.6956725940997751
2019-09-09T00:00:00.000Z,42,0.073331780068317
2019-09-09T00:00:00.000Z,41,0.3019944068863303
2019-10-04T00:00:00.000Z,42,0.023152278143690582
2019-09-29T00:00:00.000Z,42,0.7990424846654923
2019-10-27T00:00:00.000Z,18,0.013437284644241359
2019-11-11T00:00:00.000Z,18,1.536353872999595E-4
2019-11-06T00:00:00.000Z,17,0.026015953250292337
2019-11-03T00:00:00.000Z,20,0.10702981644990768
2019-11-06T00:00:00.000Z,18,0.03358382649150324
2019-11-01T00:00:00.000Z,17,0.01401344820634908
2019-11-01T00:00:00.000Z,18,0.019388455827527053
2019-11-03T00:00:00.000Z,17,0.10775432721188291
2019-10-29T00:00:00.000Z,7,0.13692879446026968
2019-10-29T00:00:00.000Z,15,0.1028142968036569
2019-10-24T00:00:00.000Z,7,0.154679537473749
2019-10-27T00:00:00.000Z,7,0.1568925325471277
2019-10-27T00:00:00.000Z,9,0.3070008967814133
2019-10-29T00:00:00.000Z,9,0.0631404193233745
2019-10-27T00:00:00.000Z,8,0.26110845446493525
2019-10-24T00:00:00.000Z,8,0.06818298163158423
2019-10-29T00:00:00.000Z,8,0.11778131970430707
2019-10-27T00:00:00.000Z,5,0.6050685133075661
2019-10-24T00:00:00.000Z,9,0.08423921506459893
2019-10-29T00:00:00.000Z,5,0.04039621718100976
2019-10-24T00:00:00.000Z,5,0.20690239320012357
2019-10-07T00:00:00.000Z,16,0.21952664101864666
2019-10-12T00:00:00.000Z,15,0.6068059126124481
2019-10-14T00:00:00.000Z,15,0.6398019114608767
2019-10-09T00:00:00.000Z,23,0.2344466844819232
2019-10-12T00:00:00.000Z,23,0.5912939251130306
2019-10-09T00:00:00.000Z,16,0.03782930851809526
2019-10-14T00:00:00.000Z,23,0.6754272314368451
2019-10-09T00:00:00.000Z,15,0.5363401820029674
2019-10-07T00:00:00.000Z,23,0.30028473691208785
2019-10-12T00:00:00.000Z,16,0.26782745633881827
2019-10-07T00:00:00.000Z,15,0.4911976730970811
2019-10-14T00:00:00.000Z,16,0.7928344807532755
2019-10-12T00:00:00.000Z,13,0.2237007929242472
2019-10-07T00:00:00.000Z,13,0.1294673958953572
2019-10-22T00:00:00.000Z,13,0.0504750934028171
2019-10-17T00:00:00.000Z,24,0.3018491149161736
2019-10-17T00:00:00.000Z,22,0.2513446653095849
2019-10-22T00:00:00.000Z,22,0.09320872222602797
2019-10-22T00:00:00.000Z,24,0.1588374153448129
2019-10-19T00:00:00.000Z,24,0.040914002447449006
2019-10-22T00:00:00.000Z,16,0.10062220422949314
2019-10-19T00:00:00.000Z,16,0.06115917053818612
2019-10-17T00:00:00.000Z,13,0.5646512760075099
2019-10-19T00:00:00.000Z,22,0.04993648293561754
2019-10-17T00:00:00.000Z,16,0.4432188838995031
2019-11-23T00:00:00.000Z,28,0.10453800781512577
2019-11-18T00:00:00.000Z,28,0.027522315096186644
2019-10-17T00:00:00.000Z,4,0.2963590334879619
2019-10-22T00:00:00.000Z,4,0.0011761659600046145
2019-10-22T00:00:00.000Z,12,0.11660711642506878
2019-10-17T00:00:00.000Z,5,0.26603737060851795
2019-10-19T00:00:00.000Z,12,0.03285026870415463
2019-10-19T00:00:00.000Z,5,0.02889595472777377
2019-10-19T00:00:00.000Z,9,0.03193065773634107
2019-10-22T00:00:00.000Z,5,0.057103895455745075
2019-10-17T00:00:00.000Z,12,0.34840509703929967
2019-10-17T00:00:00.000Z,9,0.20006106384267192
2019-10-22T00:00:00.000Z,9,0.12332282224079062
2019-10-19T00:00:00.000Z,4,0.029883666226662622
2019-10-17T00:00:00.000Z,2,0.3167061576042273
2019-10-19T00:00:00.000Z,36,0.03252725160153109
2019-10-19T00:00:00.000Z,2,0.025436881625636204
2019-10-17T00:00:00.000Z,36,0.37462404511874103
2019-10-22T00:00:00.000Z,35,0.09042298208362934
2019-10-22T00:00:00.000Z,1,0.03113356632602374
2019-10-22T00:00:00.000Z,2,0.057354316944575094
2019-10-17T00:00:00.000Z,1,0.18686327743068765
2019-10-22T00:00:00.000Z,36,0.03689087463290351
2019-10-19T00:00:00.000Z,1,0.03422589579735319
2019-10-17T00:00:00.000Z,35,0.5145894410531233
2019-10-19T00:00:00.000Z,35,0.018681714710987108
2019-10-17T00:00:00.000Z,0,0.267209860634186
2019-10-22T00:00:00.000Z,0,0.011941047232389174
2019-10-19T00:00:00.000Z,0,0.027546649604436497
2019-11-03T00:00:00.000Z,36,0.035127370303916584
2019-11-06T00:00:00.000Z,35,0.07848761939250126
2019-11-01T00:00:00.000Z,36,0.04661839230935753
2019-11-03T00:00:00.000Z,35,0.042327873008774136
2019-11-01T00:00:00.000Z,35,0.11402676480271717
2019-11-06T00:00:00.000Z,36,0.061600601584961924
2019-11-11T00:00:00.000Z,2,0.5494072012863096
2019-11-13T00:00:00.000Z,0,0.41162933278903874
2019-11-11T00:00:00.000Z,0,0.0700709844793322
2019-11-13T00:00:00.000Z,2,0.5403199814582789
2019-11-08T00:00:00.000Z,2,0.019935299807590262
2019-11-08T00:00:00.000Z,0,0.018677864213506964
2019-11-23T00:00:00.000Z,3,0.2529248345467269
2019-11-21T00:00:00.000Z,2,0.19044378623412161
2019-11-18T00:00:00.000Z,3,0.3568670135608601
2019-11-18T00:00:00.000Z,2,0.3690546207716319
2019-11-23T00:00:00.000Z,2,0.22833297133929709
2019-11-16T00:00:00.000Z,3,0.1615193379648535
2019-11-16T00:00:00.000Z,2,0.04259407201747224
2019-11-21T00:00:00.000Z,3,0.35731469442685576
2019-10-14T00:00:00.000Z,11,0.6432415687793501
2019-10-09T00:00:00.000Z,11,0.01855726104543704
2019-11-08T00:00:00.000Z,9,0.026188975071512976
2019-11-11T00:00:00.000Z,9,0.2939786164072522
2019-11-13T00:00:00.000Z,9,0.41189065533127484
2019-11-11T00:00:00.000Z,12,0.3996098025587038
2019-10-12T00:00:00.000Z,28,0.5497289420072312
2019-10-07T00:00:00.000Z,28,0.06842916142344448
2019-11-01T00:00:00.000Z,34,0.007486047560228032
2019-11-06T00:00:00.000Z,33,0.03296430235541448
2019-11-03T00:00:00.000Z,34,0.02416975557019139
2019-11-01T00:00:00.000Z,33,0.022983397881627725
2019-11-06T00:00:00.000Z,34,0.048812093286767694
2019-11-16T00:00:00.000Z,27,0.5327553069477243
2019-11-21T00:00:00.000Z,27,0.14317714518677097
2019-11-08T00:00:00.000Z,29,0.020130378977383078
2019-11-13T00:00:00.000Z,28,0.5275552627135428
2019-11-08T00:00:00.000Z,28,0.021967482750537486
2019-11-11T00:00:00.000Z,29,0.1708690340727678
2019-11-13T00:00:00.000Z,29,0.5379897068471905
2019-10-17T00:00:00.000Z,31,0.6058952321912218
2019-10-17T00:00:00.000Z,37,0.637460834972806
2019-10-22T00:00:00.000Z,37,0.12668561627929448
2019-10-19T00:00:00.000Z,31,0.0275363337619891
2019-10-19T00:00:00.000Z,37,0.024411194327116904
2019-10-22T00:00:00.000Z,31,0.13649436581674762
2019-11-06T00:00:00.000Z,43,0.05754456877356961
2019-11-03T00:00:00.000Z,43,0.03020485001536099
2019-11-01T00:00:00.000Z,43,0.08231976776856187
2019-10-12T00:00:00.000Z,31,0.7549967094872261
2019-10-07T00:00:00.000Z,31,0.267200341781192
2019-10-14T00:00:00.000Z,31,0.7097019475379804
2019-10-09T00:00:00.000Z,31,0.006056628692794435
2019-10-07T00:00:00.000Z,44,-0.06097875736634775
2019-10-09T00:00:00.000Z,44,0.004580354857686101
2019-10-12T00:00:00.000Z,44,-0.14487951651197642
2019-10-14T00:00:00.000Z,44,-0.17299341717971123
2019-11-13T00:00:00.000Z,37,0.47319441231261533
2019-11-13T00:00:00.000Z,43,0.4967365758330636
2019-11-08T00:00:00.000Z,37,0.017112438122498744
2019-11-08T00:00:00.000Z,43,0.015065669384214529
2019-11-11T00:00:00.000Z,37,0.255632782349239
2019-11-11T00:00:00.000Z,43,-0.002541919417889467
2019-11-13T00:00:00.000Z,31,0.37779729452237815
2019-11-13T00:00:00.000Z,32,0.38055206082606474
2019-11-08T00:00:00.000Z,31,0.01640863327162826
2019-11-08T00:00:00.000Z,32,0.02498587859143672
2019-11-11T00:00:00.000Z,32,0.00482232488126019
2019-11-11T00:00:00.000Z,31,-0.005167110952556738
2019-10-27T00:00:00.000Z,33,0.6181132607387299
2019-10-17T00:00:00.000Z,34,0.7013435922514
2019-10-19T00:00:00.000Z,34,0.004779673800776421
2019-10-22T00:00:00.000Z,34,0.06874367851310015
2019-10-17T00:00:00.000Z,45,0.20097294903625623
2019-10-22T00:00:00.000Z,45,0.027294252750445076
2019-10-19T00:00:00.000Z,45,0.019505192101080735
2019-10-29T00:00:00.000Z,45,0.00988143085403083
2019-10-27T00:00:00.000Z,45,0.13286437986374336
2019-10-24T00:00:00.000Z,45,0.030898735144936445
2019-10-07T00:00:00.000Z,40,0.5755771476505414
2019-10-09T00:00:00.000Z,40,0.012297921509267019
2019-10-12T00:00:00.000Z,40,0.4582675791647397
2019-10-14T00:00:00.000Z,40,0.6603811161232952
2019-11-11T00:00:00.000Z,42,0.025623229798286677
2019-11-08T00:00:00.000Z,42,0.014514165253964983
2019-11-13T00:00:00.000Z,42,0.3395056693404245
2019-09-12T00:00:00.000Z,25,0.7187981917056493
2019-09-07T00:00:00.000Z,25,0.07802497489446941
2019-10-04T00:00:00.000Z,28,0.016520333333921167
2019-09-29T00:00:00.000Z,30,0.7008246739100624
2019-09-29T00:00:00.000Z,28,0.8025499345719186
2019-10-04T00:00:00.000Z,30,0.0077717302547085166
2019-10-02T00:00:00.000Z,30,0.13125314199788363
2019-09-07T00:00:00.000Z,33,0.4449997936733572
2019-09-12T00:00:00.000Z,34,0.7673435589896549
2019-09-12T00:00:00.000Z,33,0.7196073489898546
2019-09-07T00:00:00.000Z,34,0.2981743329777884
2019-09-29T00:00:00.000Z,26,0.7662152755716959
2019-10-04T00:00:00.000Z,26,0.0013020237361688815
2019-08-28T00:00:00.000Z,43,0.6207452361818924
2019-09-04T00:00:00.000Z,43,0.7065822047999823
2019-09-02T00:00:00.000Z,43,0.22349344255526687
2019-08-30T00:00:00.000Z,43,0.6509447149826549
2019-09-07T00:00:00.000Z,42,0.06751345487292047
2019-09-12T00:00:00.000Z,42,0.7531398800400905
2019-09-19T00:00:00.000Z,44,-0.1412899069665582
2019-09-14T00:00:00.000Z,44,0.0422444179640465
2019-09-17T00:00:00.000Z,44,-0.20271189830863687
2019-09-07T00:00:00.000Z,41,0.06024063088010868
2019-09-12T00:00:00.000Z,41,0.7548465847592067
2019-09-09T00:00:00.000Z,34,0.4431309148120961
2019-08-30T00:00:00.000Z,38,0.5421519108878246
2019-09-04T00:00:00.000Z,38,0.5774147476320834
2019-09-14T00:00:00.000Z,38,0.3660532261544523
2019-09-19T00:00:00.000Z,38,0.5726945734086341
2019-09-29T00:00:00.000Z,40,0.7222376585596906
2019-10-04T00:00:00.000Z,40,0.018648965989349175
2019-10-22T00:00:00.000Z,18,0.4602687226283575
2019-10-17T00:00:00.000Z,18,0.0027499416447940694
2019-10-17T00:00:00.000Z,19,0.45072072496055693
2019-10-19T00:00:00.000Z,19,0.034318106546788685
2019-10-22T00:00:00.000Z,19,0.21306377569523913
2019-10-24T00:00:00.000Z,6,0.15384838199257614
2019-10-27T00:00:00.000Z,6,0.11946413315873462
2019-10-29T00:00:00.000Z,6,0.12478793766737685
2019-11-21T00:00:00.000Z,20,0.17781988084592784
2019-11-16T00:00:00.000Z,20,0.1713900500618498
2019-11-13T00:00:00.000Z,17,0.01687734209688431
2019-11-08T00:00:00.000Z,17,0.025241806559855227
2019-11-11T00:00:00.000Z,17,0.0063179944775732496
2019-09-19T00:00:00.000Z,5,0.6005633202235822
2019-09-17T00:00:00.000Z,8,0.24268035477015976
2019-09-19T00:00:00.000Z,7,0.4693045538530827
2019-09-17T00:00:00.000Z,5,0.08349745317906158
2019-09-14T00:00:00.000Z,7,0.5025834121452566
2019-09-14T00:00:00.000Z,5,0.5648933450022742
2019-09-17T00:00:00.000Z,7,0.11628621574081859
2019-09-19T00:00:00.000Z,8,0.44004118439386314
2019-09-14T00:00:00.000Z,8,0.5619908427455683
2019-10-02T00:00:00.000Z,14,-0.004114760480907046
2019-09-22T00:00:00.000Z,14,0.15062899035602942
2019-09-27T00:00:00.000Z,14,0.012046834002097254
2019-09-24T00:00:00.000Z,14,0.21533696080889428
2019-09-02T00:00:00.000Z,22,0.3830547052768414
2019-09-04T00:00:00.000Z,22,0.762016830853285
2019-09-04T00:00:00.000Z,36,0.6839699307250205
2019-08-28T00:00:00.000Z,1,0.09442293539704658
2019-08-28T00:00:00.000Z,36,0.3065982665312685
2019-08-28T00:00:00.000Z,22,0.11138289098775127
2019-09-04T00:00:00.000Z,1,0.650126659741161
2019-08-30T00:00:00.000Z,36,0.6636693330600717
2019-09-02T00:00:00.000Z,36,0.20134059973256868
2019-08-30T00:00:00.000Z,1,0.5847561962365305
2019-08-30T00:00:00.000Z,22,0.5429131311372295
2019-09-02T00:00:00.000Z,1,0.34829342257655266
2019-10-02T00:00:00.000Z,23,-0.0019293084268356211
2019-09-29T00:00:00.000Z,23,0.6223250344417877
2019-09-29T00:00:00.000Z,21,0.713270363776388
2019-10-02T00:00:00.000Z,21,-0.010065622180151714
2019-10-04T00:00:00.000Z,23,0.034080420491451824
2019-10-04T00:00:00.000Z,21,0.031694215229201704
2019-09-14T00:00:00.000Z,24,0.3518210740352907
2019-09-17T00:00:00.000Z,36,0.07506757288958704
2019-09-17T00:00:00.000Z,24,0.11454033929649744
2019-09-14T00:00:00.000Z,36,0.4494018890618692
2019-09-19T00:00:00.000Z,36,0.67697249501503
2019-09-19T00:00:00.000Z,24,0.7320266576867823
2019-10-14T00:00:00.000Z,14,0.80415296545548
2019-10-07T00:00:00.000Z,14,0.22354526921991635
2019-10-09T00:00:00.000Z,14,0.6402863940079264
2019-10-12T00:00:00.000Z,14,0.6101800557256266
2019-09-12T00:00:00.000Z,3,0.479683520960574
2019-09-07T00:00:00.000Z,3,0.12134467923209061
2019-09-09T00:00:00.000Z,3,0.003774315250524195
2019-11-16T00:00:00.000Z,14,0.017661155253708934
2019-11-18T00:00:00.000Z,14,0.05778015459290536
2019-11-23T00:00:00.000Z,15,0.1950852083234852
2019-11-18T00:00:00.000Z,15,0.0492382649994373
2019-11-16T00:00:00.000Z,23,0.03710215642893042
2019-11-16T00:00:00.000Z,15,0.024045767945554946
2019-11-21T00:00:00.000Z,14,0.037328440142285056
2019-11-21T00:00:00.000Z,15,0.05770510346244199
2019-11-23T00:00:00.000Z,23,0.16506258906736757
2019-11-21T00:00:00.000Z,23,0.13704460000959942
2019-11-23T00:00:00.000Z,14,0.1233943226355554
2019-11-18T00:00:00.000Z,23,0.043794225256668706
2019-09-14T00:00:00.000Z,12,0.5081875814664505
2019-09-19T00:00:00.000Z,12,0.5354648981207825
2019-09-17T00:00:00.000Z,12,-0.010008487256362242
2019-10-22T00:00:00.000Z,23,0.012424200075838686
2019-10-22T00:00:00.000Z,21,0.06769053352227332
2019-10-17T00:00:00.000Z,21,0.5866452762142897
2019-10-19T00:00:00.000Z,21,0.04496348634066024
2019-10-19T00:00:00.000Z,23,0.04791911842173251
2019-10-17T00:00:00.000Z,23,0.4775193289105413
2019-10-09T00:00:00.000Z,0,0.03991366087353591
2019-10-14T00:00:00.000Z,0,0.5806943090175798
2019-10-12T00:00:00.000Z,0,0.3253122691624368
2019-10-07T00:00:00.000Z,0,0.22157373805272604
2019-10-24T00:00:00.000Z,2,0.23059187280932958
2019-10-24T00:00:00.000Z,36,0.11905382908679212
2019-10-29T00:00:00.000Z,36,0.006473071506191749
2019-10-29T00:00:00.000Z,2,0.01577137022937777
2019-10-27T00:00:00.000Z,36,0.5736181551288374
2019-10-27T00:00:00.000Z,2,0.5559384478166084
2019-09-17T00:00:00.000Z,27,0.3927143271852836
2019-09-14T00:00:00.000Z,30,0.5270342633719038
2019-09-19T00:00:00.000Z,26,0.7623168467466791
2019-09-19T00:00:00.000Z,30,0.7184800930900671
2019-09-17T00:00:00.000Z,30,0.44778407195161507
2019-09-14T00:00:00.000Z,26,0.5888258886049165
2019-11-23T00:00:00.000Z,4,0.18903343323431243
2019-11-18T00:00:00.000Z,4,0.08918373066540596
2019-11-21T00:00:00.000Z,12,0.232479019165303
2019-11-16T00:00:00.000Z,4,0.09557364358059531
2019-11-23T00:00:00.000Z,12,0.21801858140547054
2019-11-18T00:00:00.000Z,12,0.19438816390003757
2019-11-16T00:00:00.000Z,12,0.45612922561562913
2019-11-21T00:00:00.000Z,4,0.15881504372557917
2019-09-04T00:00:00.000Z,15,0.5999730258979904
2019-09-02T00:00:00.000Z,16,0.4737174002764946
2019-09-02T00:00:00.000Z,15,0.4583459955580065
2019-08-28T00:00:00.000Z,14,0.5527884239554214
2019-09-04T00:00:00.000Z,23,0.6725165696821181
2019-08-28T00:00:00.000Z,23,0.4385632839610482
2019-09-02T00:00:00.000Z,23,0.28238253944131825
2019-08-30T00:00:00.000Z,23,0.62606320311795
2019-08-28T00:00:00.000Z,15,0.5674075632923115
2019-08-30T00:00:00.000Z,14,0.8699917861485973
2019-08-30T00:00:00.000Z,15,0.6004306722670204
2019-08-28T00:00:00.000Z,16,0.4559132209660664
2019-09-02T00:00:00.000Z,14,0.4726774664444103
2019-09-04T00:00:00.000Z,14,0.7738093155355689
2019-09-14T00:00:00.000Z,35,0.3365071254218589
2019-09-17T00:00:00.000Z,35,0.004416094145474113
2019-09-19T00:00:00.000Z,35,0.7142813993547356
2019-09-07T00:00:00.000Z,44,0.020310798840386828
2019-09-07T00:00:00.000Z,32,0.04528085005693059
2019-09-12T00:00:00.000Z,32,0.7340593289041839
2019-09-09T00:00:00.000Z,32,0.18223390293602013
2019-09-09T00:00:00.000Z,44,-0.120202830832568
2019-09-12T00:00:00.000Z,44,-0.2068038076362483
2019-10-09T00:00:00.000Z,10,0.13408937849591232
2019-10-07T00:00:00.000Z,10,-0.0031015607865737473
2019-10-12T00:00:00.000Z,10,0.6137232351095234
2019-10-14T00:00:00.000Z,10,0.5936434280822905
2019-09-02T00:00:00.000Z,34,0.03547083500201356
2019-08-28T00:00:00.000Z,34,0.7192888531406751
2019-08-30T00:00:00.000Z,34,0.6551844441553756
2019-09-04T00:00:00.000Z,34,0.7481196967413182
2019-10-02T00:00:00.000Z,40,0.24370772847422384
2019-10-02T00:00:00.000Z,42,0.4782997951799512
2019-10-12T00:00:00.000Z,17,0.65392265269311
2019-10-09T00:00:00.000Z,20,0.19229799166154027
2019-10-07T00:00:00.000Z,17,0.12039011651612644
2019-10-14T00:00:00.000Z,17,0.7501929762119698
2019-10-09T00:00:00.000Z,17,0.0559869830938692
2019-10-14T00:00:00.000Z,20,0.6848958007564164
2019-10-07T00:00:00.000Z,8,0.016900045865030012
2019-10-09T00:00:00.000Z,8,0.18756686064377762
2019-10-12T00:00:00.000Z,8,0.6142193195052031
2019-10-14T00:00:00.000Z,8,0.6313724837283055
2019-10-22T00:00:00.000Z,3,0.06903276953995102
2019-10-19T00:00:00.000Z,3,0.01766733343007381
2019-10-17T00:00:00.000Z,3,0.4403384188974769
2019-11-03T00:00:00.000Z,7,0.06463572239741147
2019-11-01T00:00:00.000Z,10,0.014382524034909742
2019-11-03T00:00:00.000Z,8,0.17290762875634794
2019-11-03T00:00:00.000Z,19,0.26451571526633255
2019-11-06T00:00:00.000Z,8,0.05643825963476648
2019-11-01T00:00:00.000Z,19,0.006843226034028874
2019-11-06T00:00:00.000Z,7,0.05134957026009373
2019-11-06T00:00:00.000Z,19,0.06200594372337507
2019-11-06T00:00:00.000Z,10,0.028586266759500528
2019-11-01T00:00:00.000Z,7,0.05366075010836759
2019-11-01T00:00:00.000Z,8,0.054318245370130025
2019-11-03T00:00:00.000Z,10,0.2630262675039302
2019-11-03T00:00:00.000Z,9,0.04924448250150058
2019-11-03T00:00:00.000Z,12,0.023812218882422707
2019-10-27T00:00:00.000Z,16,0.043862184471076655
2019-10-27T00:00:00.000Z,13,0.04270026097586365
2019-09-04T00:00:00.000Z,19,0.6436183251577194
2019-08-28T00:00:00.000Z,19,0.44404078249923534
2019-08-30T00:00:00.000Z,19,0.6041255841385614
2019-08-28T00:00:00.000Z,10,0.3347611323215746
2019-09-02T00:00:00.000Z,19,0.48724646911885516
2019-09-04T00:00:00.000Z,10,0.5536173540102156
2019-09-02T00:00:00.000Z,10,0.3445450635901998
2019-08-30T00:00:00.000Z,10,0.5098385584026673
2019-10-22T00:00:00.000Z,11,0.12428990532515152
2019-10-19T00:00:00.000Z,11,0.05330853145857981
2019-10-17T00:00:00.000Z,39,0.5871447643672228
2019-10-17T00:00:00.000Z,11,0.5867880573487996
2019-10-22T00:00:00.000Z,39,0.08122336000877665
2019-09-19T00:00:00.000Z,19,0.522086391345394
2019-09-14T00:00:00.000Z,20,0.5705737413250422
2019-09-19T00:00:00.000Z,20,0.4929877198013479
2019-09-14T00:00:00.000Z,19,0.6239451490942349
2019-09-17T00:00:00.000Z,20,0.27259449817334686
2019-09-17T00:00:00.000Z,19,0.47459644445846955
2019-09-17T00:00:00.000Z,6,0.04582838814070534
2019-09-14T00:00:00.000Z,6,0.44758065956132304
2019-09-19T00:00:00.000Z,6,0.4195120820139615
2019-11-06T00:00:00.000Z,5,0.0564522303291127
2019-11-06T00:00:00.000Z,4,0.03096416708722461
2019-11-01T00:00:00.000Z,5,0.08563573340036257
2019-11-03T00:00:00.000Z,4,0.020522677140875804
2019-11-01T00:00:00.000Z,4,0.07932974011542988
2019-11-03T00:00:00.000Z,5,0.01226647577497232
2019-11-03T00:00:00.000Z,24,0.03219497244442401
2019-11-03T00:00:00.000Z,1,0.05152354283507776
2019-11-01T00:00:00.000Z,1,0.07408901525559919
2019-11-01T00:00:00.000Z,24,0.0252027416302909
2019-11-06T00:00:00.000Z,24,0.1345412453861182
2019-11-01T00:00:00.000Z,22,0.021440327536302956
2019-11-06T00:00:00.000Z,22,0.07187349221198373
2019-11-03T00:00:00.000Z,22,0.05226249940791579
2019-11-06T00:00:00.000Z,1,0.05483840424534654
2019-09-22T00:00:00.000Z,6,0.19994833102283488
2019-09-24T00:00:00.000Z,8,0.18750501454914947
2019-09-27T00:00:00.000Z,6,-0.004326672089353362
2019-09-24T00:00:00.000Z,6,0.1727433297747712
2019-09-22T00:00:00.000Z,8,0.36523144907509064
2019-09-27T00:00:00.000Z,8,-0.010028798880897362
2019-10-02T00:00:00.000Z,4,0.005452105009527111
2019-09-29T00:00:00.000Z,4,0.4391107671635136
2019-10-04T00:00:00.000Z,4,0.018643419951090735
2019-11-01T00:00:00.000Z,2,0.1791801290102309
2019-11-01T00:00:00.000Z,3,0.12953403571859318
2019-11-06T00:00:00.000Z,2,0.11916410337188868
2019-11-06T00:00:00.000Z,3,0.0717062876135531
2019-11-03T00:00:00.000Z,2,0.03381836631795219
2019-11-03T00:00:00.000Z,3,0.02892227461014616
2019-10-27T00:00:00.000Z,27,0.3013548294830135
2019-10-27T00:00:00.000Z,25,0.39939748153739385
2019-10-27T00:00:00.000Z,26,0.5609600068756709
2019-10-17T00:00:00.000Z,25,0.4487589427311293
2019-10-22T00:00:00.000Z,26,0.06497746890824542
2019-10-17T00:00:00.000Z,26,0.6281886511047036
2019-10-22T00:00:00.000Z,25,0.028576114015135122
2019-10-19T00:00:00.000Z,26,0.0278161241971845
2019-10-27T00:00:00.000Z,30,0.5997101914446951
2019-10-24T00:00:00.000Z,26,0.0518625417654838
2019-10-29T00:00:00.000Z,30,-0.003323423704514136
2019-10-29T00:00:00.000Z,26,-2.502465156316433E-4
2019-10-24T00:00:00.000Z,30,0.06435382887236622
2019-10-07T00:00:00.000Z,43,0.46405552919621595
2019-10-12T00:00:00.000Z,43,0.5109712571037094
2019-10-09T00:00:00.000Z,43,0.007385452645722255
2019-10-14T00:00:00.000Z,43,0.6683374992336611
2019-10-17T00:00:00.000Z,43,0.6681881640646423
2019-10-17T00:00:00.000Z,42,0.6596590290721818
2019-10-17T00:00:00.000Z,40,0.6358834380393394
2019-10-22T00:00:00.000Z,42,0.09053148735923576
2019-10-22T00:00:00.000Z,40,0.10825639463561845
2019-10-19T00:00:00.000Z,42,0.015077987647804766
2019-10-19T00:00:00.000Z,43,0.029493366317009603
2019-10-22T00:00:00.000Z,43,0.1342988701042782
2019-11-11T00:00:00.000Z,35,0.19530639486044507
2019-11-13T00:00:00.000Z,35,0.36777112178525934
2019-11-08T00:00:00.000Z,35,0.016160489567702472
2019-10-07T00:00:00.000Z,42,0.6506035241493591
2019-10-09T00:00:00.000Z,42,0.010584685892721777
2019-10-14T00:00:00.000Z,42,0.7376826089428998
2019-10-12T00:00:00.000Z,42,0.5338785508029777
2019-08-28T00:00:00.000Z,27,0.7554487892734153
2019-09-02T00:00:00.000Z,27,0.27492447462680863
2019-11-06T00:00:00.000Z,32,0.047190182391153676
2019-11-01T00:00:00.000Z,32,0.01993483656857094
2019-11-03T00:00:00.000Z,32,0.009961594430866944
2019-11-06T00:00:00.000Z,42,0.04432253871127263
2019-11-01T00:00:00.000Z,42,0.10917456327162436
2019-09-27T00:00:00.000Z,25,0.032243197344653356
2019-09-22T00:00:00.000Z,25,0.33831216076114434
2019-09-17T00:00:00.000Z,28,0.10191015185503001
2019-09-09T00:00:00.000Z,14,0.06895786661931998
2019-09-12T00:00:00.000Z,31,0.7715319733959586
2019-09-09T00:00:00.000Z,31,0.12912013502647024
2019-09-07T00:00:00.000Z,31,0.04810817283871901
2019-09-14T00:00:00.000Z,28,0.38475303748610634
2019-10-02T00:00:00.000Z,13,0.04712565282992889
2019-10-04T00:00:00.000Z,16,0.011289900190548364
2019-09-29T00:00:00.000Z,16,0.8384005543521763
2019-09-27T00:00:00.000Z,35,0.21313715745001896
2019-09-22T00:00:00.000Z,35,0.3665444579583347
2019-09-24T00:00:00.000Z,35,0.2253678668261849
2019-08-30T00:00:00.000Z,4,0.5702838218242328
2019-09-02T00:00:00.000Z,4,0.24939225230347845
2019-09-04T00:00:00.000Z,4,0.587630277131304
2019-08-28T00:00:00.000Z,4,0.5126788895356096
2019-09-29T00:00:00.000Z,0,0.24191021081426595
2019-10-04T00:00:00.000Z,0,0.02301792296008233
2019-10-02T00:00:00.000Z,0,0.11767176333854465
2019-09-24T00:00:00.000Z,32,0.06416217815342082
2019-09-27T00:00:00.000Z,32,0.5010549865914923
2019-09-22T00:00:00.000Z,44,0.047784720235056456
2019-09-22T00:00:00.000Z,32,0.1101854060383025
2019-09-24T00:00:00.000Z,44,0.05896956905722618
2019-09-27T00:00:00.000Z,44,0.04126869754421372
2019-09-22T00:00:00.000Z,0,0.38597264236980283
2019-09-22T00:00:00.000Z,2,0.4454726455194425
2019-09-24T00:00:00.000Z,2,0.2628953897202369
2019-09-27T00:00:00.000Z,2,0.02040592665162752
2019-09-24T00:00:00.000Z,0,0.24748700760811548
2019-09-27T00:00:00.000Z,0,-4.0056724627075005E-4
2019-09-19T00:00:00.000Z,2,0.6169681648416825
2019-09-17T00:00:00.000Z,2,0.04992773671058301
2019-09-14T00:00:00.000Z,2,0.424751977399946
2019-08-28T00:00:00.000Z,38,0.5739804391651182
2019-09-02T00:00:00.000Z,38,0.47039117508857714
2019-10-02T00:00:00.000Z,38,0.10281665404341882
2019-10-04T00:00:00.000Z,38,0.022353524468732486
2019-09-29T00:00:00.000Z,38,0.5872709858740942
2019-08-23T00:00:00.000Z,33,0.68438494779861
2019-09-04T00:00:00.000Z,26,0.7684828144426599
2019-08-30T00:00:00.000Z,26,0.5590807103231108
2019-09-14T00:00:00.000Z,14,0.3653374788586029
2019-09-19T00:00:00.000Z,14,
2019-10-29T00:00:00.000Z,17,0.04336510324011459
2019-10-24T00:00:00.000Z,17,0.3101662312365773
2019-10-27T00:00:00.000Z,17,0.04146340113958358
2019-09-12T00:00:00.000Z,45,0.16922945375193063
2019-09-09T00:00:00.000Z,45,0.10988160991973928
2019-09-07T00:00:00.000Z,45,0.030615596221049583
2019-08-23T00:00:00.000Z,40,0.310760812131552
2019-08-25T00:00:00.000Z,38,0.5401867945326937
2019-10-14T00:00:00.000Z,21,0.6802430970483863
2019-10-09T00:00:00.000Z,21,0.15975289158871428
2019-10-12T00:00:00.000Z,21,0.614344965697559
2019-10-07T00:00:00.000Z,21,0.1392571586915168
2019-10-24T00:00:00.000Z,0,0.1447901418021577
2019-10-27T00:00:00.000Z,4,0.35223431809349964
2019-10-29T00:00:00.000Z,4,0.03989633687343057
2019-10-29T00:00:00.000Z,0,0.011186634906120079
2019-10-27T00:00:00.000Z,0,0.49127728940999504
2019-10-24T00:00:00.000Z,4,0.1831443516396573
2019-10-24T00:00:00.000Z,37,0.13599747604398704
2019-10-29T00:00:00.000Z,37,0.00519868554886343
2019-10-27T00:00:00.000Z,37,0.5891631293856034
2019-11-13T00:00:00.000Z,21,0.47873352776967604
2019-11-08T00:00:00.000Z,21,0.01913278436607647
2019-11-11T00:00:00.000Z,21,0.14843993136752692
2019-11-11T00:00:00.000Z,36,0.2834896486718528
2019-11-13T00:00:00.000Z,36,0.41703134259739605
2019-11-13T00:00:00.000Z,1,0.44549976639243977
2019-11-08T00:00:00.000Z,36,0.02004940593909168
2019-11-11T00:00:00.000Z,1,0.0340300932817901
2019-11-08T00:00:00.000Z,1,0.01822435131848129
2019-09-14T00:00:00.000Z,0,0.4553193252263492
2019-09-17T00:00:00.000Z,4,0.17005263904128373
2019-09-19T00:00:00.000Z,0,0.4662630293565549
2019-09-19T00:00:00.000Z,4,0.4962713620121715
2019-09-14T00:00:00.000Z,4,0.4195120440906393
2019-09-17T00:00:00.000Z,0,0.05568049099236971
2019-11-06T00:00:00.000Z,14,0.0180784034418419
2019-11-06T00:00:00.000Z,15,0.023663255040295428
2019-11-01T00:00:00.000Z,15,0.03327676627641488
2019-11-03T00:00:00.000Z,15,0.08158977016497415
2019-11-01T00:00:00.000Z,14,0.024949101005135046
2019-10-09T00:00:00.000Z,6,0.07098437840158545
2019-10-07T00:00:00.000Z,6,0.08687711892037017
2019-10-12T00:00:00.000Z,6,0.5532571335250849
2019-10-14T00:00:00.000Z,6,0.5425010714280852
2019-11-21T00:00:00.000Z,6,0.07805380934604163
2019-11-16T00:00:00.000Z,6,0.18713160441794158
2019-11-18T00:00:00.000Z,6,0.043304048368634086
2019-11-23T00:00:00.000Z,6,0.18202769990287912
2019-11-16T00:00:00.000Z,13,0.032561061291053295
2019-11-21T00:00:00.000Z,13,0.1089046328792123
2019-11-03T00:00:00.000Z,23,0.04315796946805964
2019-11-01T00:00:00.000Z,21,0.02948108465484612
2019-11-06T00:00:00.000Z,21,0.07225302193196957
2019-11-03T00:00:00.000Z,21,0.03700286005385662
2019-11-01T00:00:00.000Z,23,0.043590806141890155
2019-11-06T00:00:00.000Z,23,0.05208908497989269
2019-11-13T00:00:00.000Z,8,0.5155144055934626
2019-11-11T00:00:00.000Z,8,0.032473655026817067
2019-11-08T00:00:00.000Z,8,0.024476998500268562
2019-11-01T00:00:00.000Z,12,0.07332286310761682
2019-11-06T00:00:00.000Z,12,0.0421356159161402
2019-11-11T00:00:00.000Z,11,-0.009768932090352627
2019-11-08T00:00:00.000Z,3,0.013455423870348763
2019-11-13T00:00:00.000Z,3,0.5455433203659507
2019-11-11T00:00:00.000Z,3,0.38827094411255597
2019-10-22T00:00:00.000Z,33,0.05677025204000082
2019-10-17T00:00:00.000Z,33,0.7066440192299895
2019-10-24T00:00:00.000Z,44,0.02117619834213446
2019-10-29T00:00:00.000Z,44,0.009951150800088026
2019-10-27T00:00:00.000Z,44,0.015614797296327127
2019-10-29T00:00:00.000Z,43,0.0053555029375744285
2019-10-24T00:00:00.000Z,43,0.12477335717946403
2019-10-27T00:00:00.000Z,43,0.3637973820245021
2019-11-13T00:00:00.000Z,10,0.4113785275905653
2019-11-11T00:00:00.000Z,10,0.011745793068953668
2019-11-08T00:00:00.000Z,10,0.027982439945944817
2019-11-01T00:00:00.000Z,9,0.05440249122825934
2019-11-06T00:00:00.000Z,9,0.03131334908678418
2019-11-01T00:00:00.000Z,11,0.03824216890625565
2019-11-06T00:00:00.000Z,11,0.0786304098397584
2019-11-03T00:00:00.000Z,11,0.028565696588875446
2019-11-21T00:00:00.000Z,11,0.1953434376006161
2019-11-16T00:00:00.000Z,11,0.05151271662844372
2019-11-06T00:00:00.000Z,27,0.15052056798336763
2019-11-01T00:00:00.000Z,27,0.02430677614571131
2019-09-12T00:00:00.000Z,38,0.6527304419701966
2019-09-09T00:00:00.000Z,38,0.017346419079897316
2019-09-07T00:00:00.000Z,38,0.05267626783751652
2019-09-22T00:00:00.000Z,31,0.07183661228020485
2019-09-27T00:00:00.000Z,31,0.30392397228227475
2019-09-24T00:00:00.000Z,31,0.12434624905175094
2019-11-01T00:00:00.000Z,44,0.016477939232147316
2019-11-03T00:00:00.000Z,44,0.011674704127765905
2019-11-06T00:00:00.000Z,44,0.02803515817968918
2019-09-02T00:00:00.000Z,13,0.4800788498733447
2019-08-28T00:00:00.000Z,13,0.5898436743960578
2019-11-23T00:00:00.000Z,42,0.22589150449036524
2019-11-16T00:00:00.000Z,42,0.01205840567220872
2019-11-18T00:00:00.000Z,42,0.3740413384776126
2019-11-21T00:00:00.000Z,42,0.2492182874505974
2019-11-03T00:00:00.000Z,14,0.041946855777035504
2019-11-03T00:00:00.000Z,28,0.07576188770243934
2019-09-29T00:00:00.000Z,14,0.8292359497080963
2019-10-04T00:00:00.000Z,14,0.023777171334259214
2019-08-25T00:00:00.000Z,21,0.4459212589059838
2019-08-23T00:00:00.000Z,21,0.7216974726877793
2019-09-27T00:00:00.000Z,21,0.007374905331694767
2019-09-22T00:00:00.000Z,21,0.20706983601564302
2019-09-24T00:00:00.000Z,21,0.24170401547037826
2019-09-17T00:00:00.000Z,38,0.17192368680938286
2019-09-09T00:00:00.000Z,29,0.15533531268092393
2019-09-12T00:00:00.000Z,29,0.6600114016752916
2019-09-07T00:00:00.000Z,29,0.12301527460846641
2019-09-09T00:00:00.000Z,28,0.11320699056939057
2019-10-12T00:00:00.000Z,11,0.4681884122656889
2019-10-07T00:00:00.000Z,11,0.12239642726969595
2019-09-09T00:00:00.000Z,11,-0.008962511118623114
2019-09-14T00:00:00.000Z,45,0.17272407507880416
2019-09-17T00:00:00.000Z,45,0.24752900637810984
2019-09-19T00:00:00.000Z,45,0.2042556812029943
2019-08-25T00:00:00.000Z,19,0.5627568701471637
2019-08-23T00:00:00.000Z,19,0.6739628288906019
2019-09-09T00:00:00.000Z,20,0.060277981257431376
2019-11-16T00:00:00.000Z,33,0.45007232744588277
2019-11-21T00:00:00.000Z,33,0.07756504183538306
2019-11-21T00:00:00.000Z,25,0.04999965172420512
2019-11-16T00:00:00.000Z,25,0.5852668066229318
2019-10-29T00:00:00.000Z,31,-0.001958864454958454
2019-10-27T00:00:00.000Z,31,0.5554989862391913
2019-10-24T00:00:00.000Z,31,0.08719874562407784
2019-10-22T00:00:00.000Z,17,0.5087464125600157
2019-10-19T00:00:00.000Z,17,0.07143142119254216
2019-10-17T00:00:00.000Z,17,0.029782214141992346
2019-11-23T00:00:00.000Z,20,0.242490279748513
2019-11-18T00:00:00.000Z,20,0.025450135367991376
2019-11-21T00:00:00.000Z,17,0.1751488985741562
2019-11-18T00:00:00.000Z,17,0.004413651572644085
2019-11-16T00:00:00.000Z,17,0.24906545172497366
2019-11-21T00:00:00.000Z,18,0.020609919173821857
2019-11-16T00:00:00.000Z,18,0.31045126894066943
2019-11-23T00:00:00.000Z,17,0.20695719255704872
2019-10-24T00:00:00.000Z,16,0.1907489746470985
2019-10-29T00:00:00.000Z,16,0.015815106446214252
2019-08-23T00:00:00.000Z,14,0.6026358034026175
2019-08-25T00:00:00.000Z,14,0.7636498456905969
2019-09-27T00:00:00.000Z,38,0.3135343238205491
2019-09-22T00:00:00.000Z,38,0.19066133305221702
2019-09-24T00:00:00.000Z,38,0.2044648286103171
2019-11-13T00:00:00.000Z,44,-0.02575470168777079
2019-11-08T00:00:00.000Z,44,0.030118758154947918
2019-11-11T00:00:00.000Z,44,-0.01642397184281995
2019-11-18T00:00:00.000Z,45,0.20959872085456613
2019-11-16T00:00:00.000Z,45,0.101651461569079
2019-11-21T00:00:00.000Z,45,-0.005093953292738921
2019-11-23T00:00:00.000Z,45,0.08040508542970722
2019-10-14T00:00:00.000Z,28,0.8077384422311248
2019-10-09T00:00:00.000Z,28,0.011912033870353845
2019-11-06T00:00:00.000Z,0,0.024089437926752152
2019-11-01T00:00:00.000Z,0,0.09832063191643542
2019-11-03T00:00:00.000Z,0,0.02425651839407461
2019-09-02T00:00:00.000Z,25,0.3409733722011519
2019-08-28T00:00:00.000Z,25,0.7086370935238527
2019-08-28T00:00:00.000Z,0,0.47973513799180045
2019-08-30T00:00:00.000Z,0,0.6040712870703064
2019-09-02T00:00:00.000Z,0,0.3991895834656888
2019-09-04T00:00:00.000Z,0,0.6132421159632682
2019-10-02T00:00:00.000Z,11,0.09640116760358654
2019-10-24T00:00:00.000Z,38,0.42769306707526644
2019-10-29T00:00:00.000Z,38,0.021089669376223665
2019-10-14T00:00:00.000Z,19,0.6625269236307498
2019-10-12T00:00:00.000Z,19,0.6783779650479983
2019-10-07T00:00:00.000Z,19,0.021723046661620043
2019-10-09T00:00:00.000Z,19,0.12027598327824666
2019-10-19T00:00:00.000Z,14,0.07614175084023087
2019-10-22T00:00:00.000Z,14,-0.03946165944360499
2019-10-17T00:00:00.000Z,14,0.5718759216103848
2019-11-23T00:00:00.000Z,21,0.149777417634572
2019-11-16T00:00:00.000Z,21,0.018220192232996788
2019-11-21T00:00:00.000Z,21,0.12001495835492129
2019-11-18T00:00:00.000Z,21,0.04356400259198482
2019-10-17T00:00:00.000Z,38,0.6307522728103994
2019-10-22T00:00:00.000Z,38,0.10002921602753849
2019-08-25T00:00:00.000Z,45,0.14700728169490113
2019-08-23T00:00:00.000Z,45,0.011270274700508755
2019-09-22T00:00:00.000Z,45,0.08847472167274516
2019-09-24T00:00:00.000Z,45,0.05951709817288377
2019-09-27T00:00:00.000Z,45,0.25515715297245023
2019-10-12T00:00:00.000Z,33,0.7530131890443031
2019-10-07T00:00:00.000Z,33,0.07648024460595214
2019-09-09T00:00:00.000Z,21,0.2223802434611156
2019-09-12T00:00:00.000Z,21,0.33887469078220683
2019-09-07T00:00:00.000Z,21,0.025558809646648566
2019-09-07T00:00:00.000Z,11,0.12681933871630444
2019-09-12T00:00:00.000Z,11,0.48257408218957976
2019-11-06T00:00:00.000Z,13,0.05108884860185682
2019-11-01T00:00:00.000Z,13,0.018474320513058803
2019-11-23T00:00:00.000Z,0,0.18694791049556653
2019-11-16T00:00:00.000Z,0,0.006887638967238742
2019-11-18T00:00:00.000Z,0,0.09213744482922477
2019-11-21T00:00:00.000Z,0,0.13015704895809674
2019-11-06T00:00:00.000Z,25,0.18747132493812257
2019-11-01T00:00:00.000Z,25,0.02683302304927607
2019-11-16T00:00:00.000Z,38,0.0321245593035885
2019-11-23T00:00:00.000Z,31,0.10524966320798168
2019-11-21T00:00:00.000Z,31,0.1788794488472877
2019-11-18T00:00:00.000Z,31,0.4956141482161439
2019-11-16T00:00:00.000Z,31,-0.0345243327531788
2019-09-17T00:00:00.000Z,18,0.2880061087818093
2019-10-02T00:00:00.000Z,18,0.04180756088504841
2019-09-29T00:00:00.000Z,17,0.6944726708579765
2019-10-02T00:00:00.000Z,17,0.06920570717670554
2019-10-04T00:00:00.000Z,17,0.01574208792312002
2019-09-07T00:00:00.000Z,17,0.013518622068737707
2019-09-09T00:00:00.000Z,17,0.007949554473878925
2019-09-12T00:00:00.000Z,17,0.29703144213359567
2019-09-02T00:00:00.000Z,21,0.2830049684216123
2019-08-30T00:00:00.000Z,21,0.6832451781717263
2019-08-28T00:00:00.000Z,21,0.2208547449243668
2019-09-04T00:00:00.000Z,21,0.7134397997178245
2019-08-23T00:00:00.000Z,8,0.6507152350839899
2019-08-25T00:00:00.000Z,8,0.6074650361220619
2019-09-14T00:00:00.000Z,17,0.675199645960337
2019-09-17T00:00:00.000Z,17,0.3728270528390274
2019-09-19T00:00:00.000Z,17,0.6298475652253838
2019-09-04T00:00:00.000Z,16,0.8257458585033527
2019-08-30T00:00:00.000Z,16,0.26628420164838623
2019-08-23T00:00:00.000Z,38,0.4428758881909244
2019-10-04T00:00:00.000Z,44,0.015173348643382689
2019-09-29T00:00:00.000Z,44,-0.2346418557308453
2019-10-02T00:00:00.000Z,44,-0.0956231733583487
2019-11-03T00:00:00.000Z,6,0.07427129586709057
2019-11-01T00:00:00.000Z,6,0.06649349953210101
2019-11-06T00:00:00.000Z,6,0.05711252856091071
2019-08-23T00:00:00.000Z,44,0.08744737238502309
2019-08-25T00:00:00.000Z,44,-0.021117646866836228
2019-11-18T00:00:00.000Z,16,0.0035925431665117724
2019-11-23T00:00:00.000Z,16,0.07690461411874568
2019-09-19T00:00:00.000Z,28,0.8176777368961147
2019-11-11T00:00:00.000Z,6,0.01941162429188752
2019-11-08T00:00:00.000Z,6,0.020790107618192555
2019-11-13T00:00:00.000Z,6,0.22048941884407647
2019-10-29T00:00:00.000Z,14,0.06123488435328845
2019-10-24T00:00:00.000Z,14,0.399238485481195
2019-11-03T00:00:00.000Z,16,0.08311434445113183
2019-10-27T00:00:00.000Z,38,0.1478486573516617
2019-11-06T00:00:00.000Z,38,0.0434910841312505
2019-09-02T00:00:00.000Z,45,0.020307797493754047
2019-09-04T00:00:00.000Z,45,0.18696536225669597
2019-08-30T00:00:00.000Z,45,0.167061651842833
2019-08-28T00:00:00.000Z,45,0.18094876196636842
